t,x,x_ref,y,y_ref,phi,phi_ref,v_r,v_ref,delta_f,delta_ref,a,w_delta,est_dist_y,real_dist_y
0,0,0,0,0,0,0,2,2.5,0,0,0.110069,0.0998471,-0.015943,0
0.1,0.207667,0.25,-0.00548764,0,-0.000392765,0,2.10582,2.5,-0.00197361,0,0.253397,-0.0217871,0.907583,0
0.2,0.429606,0.5,-0.00285488,0,-0.000704419,0,2.32206,2.5,-0.0113449,0,-0.013861,0.0367629,0.373716,0
0.3,0.658642,0.5,-0.00233248,0,-0.00129055,0,2.08258,2.5,0.00311707,0,0.447882,0.0326999,-0.0618134,0
0.4,0.863719,1,-0.000321383,0,-0.000449851,0,2.40418,2.5,0.0273041,0,0.0400063,-0.0633107,0.165855,0
0.5,1.09272,1.25,-0.00525398,0,0.000473454,0,2.27149,2.5,-1.0814e-05,0,0.169345,0.0239565,-0.0175811,0
0.6,1.32017,1.25,-0.0030173,0,-3.89733e-05,0,2.42755,2.5,0.00772058,0,-0.0321237,-0.0416541,0.141894,0
0.7,1.58268,1.75,-0.00695173,0,-0.00192448,0,2.54448,2.5,-0.0235894,0,-0.295585,0.0803997,0.0116818,0
0.8,1.84407,2,-0.0141141,0,-0.00425639,0,2.49124,2.5,-0.0250538,0,-0.248255,0.133218,-0.103879,0
0.9,2.07544,2.25,-0.020624,0,-0.00474814,0,2.14865,2.5,0.00880613,0,0.361051,0.030487,-0.0360839,0
1,2.30115,2.5,-0.0183643,0,-0.00509225,0,2.33827,2.5,-0.0172953,0,0.248561,0.0814129,0.0188065,0
1.1,2.55232,2.75,-0.00935259,0,-0.00698511,0,2.46681,2.5,-0.00928766,0,0.00187409,0.0932334,-0.0277795,0
1.2,2.78852,2.75,-0.00965307,0,-0.00785883,0,2.41397,2.5,-0.0171861,0,0.0886838,0.134848,-0.048586,0
1.3,3.04218,3.25,-0.0116909,0,-0.00995452,0,2.73062,2.5,-0.029306,0,-0.467116,0.168758,-0.0837313,0
1.4,3.30315,3.5,-0.00341682,0,-0.0115519,0,2.58753,2.5,0.00179209,0,-0.361322,0.0606936,0.00874848,0
1.5,3.56231,3.75,-0.00355093,0,-0.0116028,0,2.67522,2.5,0.016082,0,-0.510609,0.0132371,0.0241235,0
1.6,3.83502,4,-0.007313,0,-0.00989988,0,2.75814,2.5,0.0197034,0,-0.719986,0.0110877,0.0389384,0
1.7,4.1234,4.25,-0.0167173,0,-0.00849415,0,2.78616,2.5,0.0213309,0,-0.923279,-0.0158437,0.0309964,0
1.8,4.37647,4.5,-0.025502,0,-0.00491533,0,2.53395,2.5,0.0531367,0,-0.567988,-0.136547,0.0915978,0
1.9,4.62912,4.75,-0.0213242,0,-0.000647669,0,2.46012,2.5,0.0455486,0,-0.168316,-0.106347,0.0589582,0
2,4.86228,5,-0.0210779,0,0.0030102,0,2.1878,2.5,0.0574633,0,0.321662,-0.128772,0.0782937,0
2.1,5.06668,5.25,-0.0182571,0,0.00639684,0,2.28237,2.5,0.0426719,0,0.272986,-0.109432,0.0395902,0.0149938
2.2,5.2802,5.5,-0.025661,0,0.00740603,0,1.99294,2.5,0.0021317,0,0.86293,-0.0508489,0.0682416,0.02995
2.3,5.50769,5.75,-0.0195914,0,0.00921598,0,2.36691,2.5,0.0165629,0,0.399157,-0.0588057,0.0167175,0.0448314
2.4,5.75614,5.75,-0.0143638,0,0.0103517,0,2.4567,2.5,0.00903867,0,0.139262,-0.0481105,-0.00176744,0.0596008
2.5,5.97885,6.25,-0.0130346,0,0.0126531,0,1.93203,2.5,0.0287776,0,1.02527,-0.0991199,-0.00559471,0.0742212
2.6,6.17441,6.5,-0.00217619,0,0.0130405,0,2.12649,2.5,0.0194102,0,1.02222,-0.0917514,0.00215203,0.0886561
2.7,6.38803,6.75,0.0175809,0,0.0135257,0,2.44421,2.5,0.000615632,0,0.5032,-0.0307089,-0.0236722,0.102869
2.8,6.63711,7,0.0320955,0,0.0151872,0,2.69438,2.5,0.0410851,0,-0.21171,-0.153159,0.0209957,0.116826
2.9,6.91409,7,0.0509706,0,0.0176176,0,2.69053,2.5,-0.0162636,0,-0.262768,-0.00491339,0.0099302,0.13049
3,7.14883,7.5,0.0633029,0,0.0170429,0,2.51701,2.5,-0.000910621,0,-0.025315,-0.0531149,0.00821082,0.143828
3.1,7.3673,7.75,0.0939585,0,0.0165006,0,2.13665,2.5,-0.0107496,0,0.727397,-0.0651294,0.0709994,0.156806
3.2,7.58168,8,0.107679,0,0.0145328,0,2.21558,2.5,-0.0287813,0,0.876154,-0.0220702,0.0773497,0.169393
3.3,7.79802,8.25,0.139475,0,0.0118933,0,2.097,2.5,-0.0403257,0,1.18903,-0.0125844,0.116942,0.181556
3.4,8.01856,8.5,0.158286,0,0.00733748,0,2.24913,2.5,-0.0890931,0,1.11125,0.102321,0.165687,0.193265
3.5,8.25971,8.75,0.169407,0,-0.000466533,0,2.4801,2.5,-0.0819176,0,0.751427,0.106882,0.130079,0.204492
3.6,8.52929,9,0.184399,0,-0.00753215,0,2.86741,2.5,-0.0661306,0,-0.32506,0.0703662,0.148437,0.215207
3.7,8.80995,9.25,0.206944,0,-0.0128452,0,2.61013,2.5,-0.0700433,0,0.0200666,0.112462,0.161595,0.225384
3.8,9.0526,9.5,0.225592,0,-0.0176221,0,2.40134,2.5,-0.0410998,0,0.466459,0.011622,0.195899,0.234998
3.9,9.29815,9.75,0.249079,0,-0.0216806,0,2.54111,2.5,-0.0416516,0,0.086762,0.0409603,0.185978,0.244025
4,9.54882,10,0.271189,0,-0.0236644,0,2.69879,2.5,-0.00916952,0,-0.0468139,-0.0244386,0.149575,0.252441
4.1,9.80006,10,0.292239,0,-0.0245771,0,2.64481,2.5,-0.0201232,0,-0.0294818,0.0158884,0.12253,0.260227
4.2,10.0657,10.5,0.30841,0,-0.0255522,0,2.83762,2.5,-0.0236249,0,-0.355266,0.0256053,0.141307,0.267362
4.3,10.3407,10.5,0.325326,0,-0.0306109,0,2.5019,2.5,-0.0833827,0,0.0992841,0.143828,0.182504,0.273829
4.4,10.5701,11,0.341259,0,-0.0355407,0,2.15134,2.5,-0.0597648,0,0.874113,0.098095,0.208044,0.279612
4.5,10.7789,11.25,0.366031,0,-0.0408587,0,2.07907,2.5,-0.0528964,0,1.27945,0.104254,0.155173,0.284695
4.6,11.0006,11.5,0.37999,0,-0.0464757,0,2.31394,2.5,-0.0680739,0,1.05054,0.145591,0.177614,0.289067
4.7,11.2376,11.75,0.401752,0,-0.0521829,0,2.53841,2.5,-0.0548909,0,0.63594,0.0953487,0.238597,0.292717
4.8,11.4946,11.75,0.411601,0,-0.0578741,0,2.53968,2.5,-0.0771593,0,0.127907,0.166888,0.234323,0.295635
4.9,11.7406,12.25,0.42393,0,-0.063689,0,2.22997,2.5,-0.0337727,0,0.889263,0.0986273,0.199679,0.297814
5,11.9524,12.5,0.431495,0,-0.0654992,0,2.30908,2.5,-0.0257123,0,1.02506,0.0506619,0.238365,0.299248
5.1,12.1947,12.75,0.452988,0,-0.0682745,0,2.62319,2.5,-0.0209829,0,0.250527,0.0445973,0.266427,0.299935
5.2,12.4529,13,0.461668,0,-0.0707509,0,2.361,2.5,-0.0305812,0,0.71561,0.0374071,0.334363,0.299872
5.3,12.7166,13,0.472105,0,-0.0686787,0,2.79344,2.5,0.0409028,0,-0.0937769,-0.165597,0.341727,0.29906
5.4,12.9762,13.5,0.494213,0,-0.0656488,0,2.58214,2.5,0.0686977,0,0.246208,-0.234947,0.315018,0.297499
5.5,13.1953,13.75,0.501782,0,-0.0621403,0,2.10912,2.5,0.044022,0,1.19134,-0.182704,0.288877,0.295196
5.6,13.4088,14,0.52579,0,-0.0602128,0,2.22448,2.5,0.0104858,0,1.31239,-0.113408,0.294246,0.292154
5.7,13.6473,14.25,0.535573,0,-0.0591031,0,2.50535,2.5,0.0273078,0,0.869217,-0.172966,0.287883,0.288383
5.8,13.9035,14.25,0.549989,0,-0.0576662,0,2.55323,2.5,0.0127362,0,0.671371,-0.130871,0.278836,0.28389
5.9,14.1558,14.75,0.565997,0,-0.0572166,0,2.22396,2.5,-0.0234162,0,1.18791,-0.0548458,0.28314,0.278688
6,14.3887,15,0.576482,0,-0.0603004,0,2.48494,2.5,-0.0573417,0,0.921078,0.0142325,0.313548,0.272789
6.1,14.6723,15.25,0.586495,0,-0.0652278,0,2.78952,2.5,-0.0505134,0,-0.0560083,0.0293102,0.317232,0.266209
6.2,14.9509,15.5,0.593584,0,-0.069029,0,2.75378,2.5,-0.0498833,0,-0.092745,0.0456107,0.290009,0.258963
6.3,15.234,15.5,0.600619,0,-0.0725296,0,2.89569,2.5,-0.0305864,0,-0.294718,0.0177181,0.279738,0.25107
6.4,15.5103,16,0.60805,0,-0.0757787,0,2.43612,2.5,-0.0531539,0,0.454982,0.0265546,0.320776,0.242549
6.5,15.7543,16.25,0.610742,0,-0.0799288,0,2.24483,2.5,-0.0560266,0,1.00769,0.0417241,0.281052,0.233422
6.6,15.9801,16.5,0.606087,0,-0.0835869,0,2.13745,2.5,-0.0269404,0,1.39885,-0.00826305,0.317199,0.223712
6.7,16.2144,16.75,0.611813,0,-0.0847882,0,2.41386,2.5,-0.00375728,0,1.08654,-0.0595136,0.280668,0.213442
6.8,16.4593,17,0.616875,0,-0.0855377,0,2.58461,2.5,-0.0192425,0,0.713107,-0.0188119,0.269908,0.202639
6.9,16.7172,17.25,0.612196,0,-0.0881684,0,2.60379,2.5,-0.029498,0,0.541266,0.0388887,0.220245,0.191329
7,17.003,17.5,0.607187,0,-0.0923488,0,2.79621,2.5,-0.0640546,0,-0.156954,0.144229,0.229124,0.179542
7.1,17.2495,17.75,0.602685,0,-0.0953067,0,2.29716,2.5,-0.0270413,0,0.757503,0.0511962,0.196231,0.167305
7.2,17.5108,18,0.59593,0,-0.0954257,0,2.57445,2.5,0.0109051,0,0.542832,-0.0012348,0.170599,0.15465
7.3,17.8065,18.25,0.58614,0,-0.0935349,0,3.16094,2.5,0.0187604,0,-0.565132,-0.0392082,0.158478,0.141609
7.4,18.0989,18.5,0.568024,0,-0.0894506,0,2.62213,2.5,0.0404356,0,-0.0862015,-0.113002,0.186676,0.128214
7.5,18.3426,18.75,0.562959,0,-0.0853356,0,2.53129,2.5,0.0424986,0,0.210756,-0.130029,0.193924,0.114498
7.6,18.6118,19,0.559983,0,-0.0838194,0,2.71002,2.5,-0.00693172,0,-0.131546,0.0176988,0.21873,0.100496
7.7,18.875,19.25,0.545918,0,-0.0837856,0,2.85029,2.5,-0.00104971,0,-0.42711,-0.00360931,0.18861,0.0862434
7.8,19.1816,19.5,0.524943,0,-0.084873,0,3.16126,2.5,-0.000246152,0,-1.13737,-0.0390691,0.211685,0.0717748
7.9,19.4828,19.75,0.510216,0,-0.0870546,0,3.06004,2.5,-0.0250286,0,-1.25822,0.0734665,0.184793,0.0571268
8,19.7655,20,0.4893,0,-0.0893585,0,2.68362,2.5,-0.0234851,0,-0.705129,0.111829,0.117344,0.042336
8.1,20.0123,20,0.471914,0,-0.0902822,0,2.30712,2.5,0.004104,0,0.141679,0.0259405,0.108321,0.0274394
8.2,20.2467,20.25,0.449746,0,-0.0921738,0,2.35197,2.5,-0.0430811,0,0.335117,0.195435,0.0771976,0.0124742
8.3,20.4752,20.75,0.426707,0,-0.0951049,0,2.3124,2.5,-0.0183448,0,0.463947,0.141645,0.0714042,-0.00252217
8.4,20.7263,21,0.398154,0,-0.0961225,0,2.30269,2.5,0.00925081,0,0.552256,0.0530808,0.11557,-0.0175122
8.5,20.941,21.25,0.37258,0,-0.0952036,0,2.10886,2.5,0.0140988,0,0.940771,0.0935473,0.0377557,-0.0324585
8.6,21.1609,21.25,0.350598,0,-0.0943055,0,2.25451,2.5,0.0189544,0,0.851986,0.0957788,0.0362302,-0.0473237
8.7,21.3716,21.75,0.327117,0,-0.0906812,0,2.0611,2.5,0.0792934,0,1.21715,-0.0812144,0.0471571,-0.0620706
8.8,21.5892,22,0.304592,0,-0.0864766,0,2.2254,2.5,0.0447581,0,1.06497,-0.00994908,0.0985994,-0.0766623
8.9,21.8358,22.25,0.273203,0,-0.0838973,0,2.76927,2.5,0.00544117,0,-0.129543,0.0960029,0.0612847,-0.0910625
9,22.1161,22.5,0.241551,0,-0.0798687,0,2.80351,2.5,0.0676791,0,-0.277724,-0.0767347,0.0713226,-0.105235
9.1,22.4012,22.5,0.205852,0,-0.073071,0,3.1938,2.5,0.0642323,0,-1.10226,-0.0950377,0.123075,-0.119144
9.2,22.7158,23,0.169084,0,-0.0655308,0,2.94558,2.5,0.0888086,0,-1.01748,-0.163021,0.0724182,-0.132756
9.3,23.02,23.25,0.139225,0,-0.0554791,0,3.10565,2.5,0.10866,0,-1.36437,-0.218612,0.0106909,-0.146036
9.4,23.3106,23.5,0.105363,0,-0.0441301,0,2.86899,2.5,0.103107,0,-1.13532,-0.197096,-0.0130435,-0.158951
9.5,23.5982,23.75,0.0787912,0,-0.033078,0,2.77733,2.5,0.108217,0,-0.93878,-0.225996,-0.0618308,-0.171468
9.6,23.89,23.75,0.0574674,0,-0.0250333,0,2.84003,2.5,0.0697238,0,-1.02043,-0.144969,-0.0789162,-0.183557
9.7,24.1587,24.25,0.0323023,0,-0.0190123,0,2.48847,2.5,0.0547619,0,-0.212054,-0.0825678,-0.123151,-0.195188
9.8,24.4091,24.5,0.0159327,0,-0.0132652,0,2.39928,2.5,0.0899392,0,0.0385122,-0.169584,-0.126974,-0.20633
9.9,24.656,24.75,-0.00995072,0,-0.00634461,0,2.56437,2.5,0.0695651,0,-0.299456,-0.116885,-0.168296,-0.216956
10,24.9041,25,-0.0313122,0,-0.000324898,0,2.48455,2.5,0.0527074,0,-0.14885,-0.108505,-0.135099,-0.227041
10.1,25.1375,25,-0.0553177,0,0.00482992,0,2.46913,2.5,0.0541065,0,-0.090352,-0.13845,-0.0916738,-0.236558
10.2,25.3761,25.5,-0.0820025,0,0.00752061,0,2.36294,2.5,0.00206691,0,0.0918526,-0.0130244,-0.0933864,-0.245483
10.3,25.6187,25.75,-0.104733,0,0.00962422,0,2.42123,2.5,0.0284195,0,0.0297377,-0.0570819,-0.178411,-0.253795
10.4,25.874,26,-0.128844,0,0.0114801,0,2.34887,2.5,0.0362956,0,0.179387,-0.0826896,-0.190326,-0.261473
10.5,26.1099,26.25,-0.157634,0,0.013982,0,2.23989,2.5,-0.000265389,0,0.38667,0.0323739,-0.185041,-0.268497
10.6,26.3264,26.25,-0.185205,0,0.0135659,0,2.28238,2.5,0.0199943,0,0.312326,-0.0222251,-0.203466,-0.27485
10.7,26.5687,26.75,-0.210787,0,0.0160803,0,2.60791,2.5,0.0378209,0,-0.172265,-0.0547123,-0.21393,-0.280516
10.8,26.833,27,-0.230069,0,0.0194747,0,2.66072,2.5,0.029852,0,-0.409524,-0.0196954,-0.231852,-0.285481
10.9,27.0994,27.25,-0.246711,0,0.0227287,0,2.59178,2.5,0.0424247,0,-0.16956,-0.0597908,-0.216398,-0.289732
11,27.3679,27.5,-0.266485,0,0.0270746,0,2.56426,2.5,0.0515321,0,-0.13434,-0.0754722,-0.20835,-0.293259
11.1,27.6362,27.5,-0.282732,0,0.0336191,0,2.70174,2.5,0.0520796,0,-0.512635,-0.112327,-0.186225,-0.296053
11.2,27.9024,28,-0.304881,0,0.0379668,0,2.87319,2.5,0.0685907,0,-0.970272,-0.163459,-0.199035,-0.298107
11.3,28.1878,28.25,-0.325815,0,0.0454903,0,2.92624,2.5,0.0680848,0,-1.27098,-0.187575,-0.235776,-0.299416
11.4,28.478,28.5,-0.335685,0,0.05387,0,2.63759,2.5,0.0754681,0,-0.886251,-0.218818,-0.226459,-0.299977
11.5,28.7231,28.75,-0.351236,0,0.0579128,0,2.56266,2.5,0.00216513,0,-0.649867,-0.00185553,-0.274274,-0.299788
11.6,28.9962,28.75,-0.362657,0,0.0571275,0,2.89926,2.5,-0.0423769,0,-1.20745,0.0956692,-0.237939,-0.298849
11.7,29.2878,29.25,-0.374146,0,0.0546597,0,2.94098,2.5,-0.0291404,0,-1.51132,0.0750576,-0.257399,-0.297164
11.8,29.5763,29.5,-0.387592,0,0.0503416,0,2.80482,2.5,-0.0454073,0,-1.45387,0.169511,-0.296726,-0.294736
11.9,29.8411,29.75,-0.399408,0,0.0461075,0,2.24445,2.5,-0.0370191,0,-0.487791,0.172948,-0.310285,-0.291571
12,30.0498,30,-0.42483,0,0.0454163,0,2.15895,2.5,-0.00693361,0,-0.0124353,0.0830583,-0.286365,-0.287677
12.1,30.265,30,-0.44225,0,0.0468415,0,2.02814,2.5,0.0292122,0,0.469788,0.0133322,-0.315689,-0.283065
12.2,30.4505,30.5,-0.463255,0,0.0496023,0,1.80128,2.5,0.0594428,0,1.02011,-0.0334905,-0.326453,-0.277744
12.3,30.6294,30.75,-0.47439,0,0.0542034,0,1.93182,2.5,0.069522,0,1.0548,-0.0747004,-0.310435,-0.27173
12.4,30.8299,31,-0.488657,0,0.0599749,0,2.16381,2.5,0.0739377,0,0.279896,-0.102316,-0.30263,-0.265036
12.5,31.0456,31.25,-0.507021,0,0.0633508,0,2.13382,2.5,0.0295724,0,0.554618,0.0190171,-0.336949,-0.25768
12.6,31.2533,31.25,-0.516141,0,0.0651634,0,2.02939,2.5,0.0222812,0,0.901788,0.0187792,-0.305208,-0.24968
12.7,31.4601,31.75,-0.527526,0,0.0673098,0,2.2081,2.5,0.0454156,0,0.428894,-0.069305,-0.250422,-0.241056
12.8,31.6847,32,-0.528807,0,0.0692072,0,2.47573,2.5,-0.0199777,0,0.173702,0.112066,-0.239161,-0.231829
12.9,31.9195,32.25,-0.536736,0,0.0677883,0,2.1807,2.5,-0.00306671,0,0.684456,0.0589723,-0.214904,-0.222023
13,32.1345,32.5,-0.5486,0,0.0685102,0,2.28712,2.5,0.0274237,0,0.703041,0.0053428,-0.255141,-0.211662
13.1,32.3513,32.75,-0.550595,0,0.0695424,0,2.15854,2.5,0.0202896,0,0.991113,0.0296804,-0.273006,-0.200772
13.2,32.5687,33,-0.56019,0,0.0710416,0,2.15391,2.5,-0.00907845,0,1.12985,0.0974023,-0.258404,-0.18938
13.3,32.7826,33.25,-0.569655,0,0.0698598,0,2.10505,2.5,-0.0140721,0,1.30277,0.150527,-0.310067,-0.177515
13.4,32.9755,33.5,-0.580884,0,0.0681846,0,1.92003,2.5,-0.0144267,0,1.77257,0.153144,-0.280663,-0.165206
13.5,33.1676,33.75,-0.577675,0,0.0677444,0,1.89484,2.5,0.00641191,0,2.0716,0.0628562,-0.241185,-0.152484
13.6,33.3658,34,-0.575254,0,0.0683266,0,2.04547,2.5,0.0151505,0,1.9952,0.0739768,-0.25625,-0.139381
13.7,33.6147,34.25,-0.575156,0,0.0686888,0,2.67617,2.5,-0.00674199,0,0.892562,0.127645,-0.289977,-0.125929
13.8,33.8811,34.5,-0.568871,0,0.0702843,0,2.57931,2.5,0.0250698,0,0.687187,0.0213724,-0.246456,-0.112163
13.9,34.144,34.75,-0.561539,0,0.0727299,0,2.94259,2.5,0.0280288,0,-0.349068,-0.0183034,-0.232316,-0.0981164
14,34.4217,35,-0.554085,0,0.0740129,0,3.00646,2.5,-0.0223933,0,-0.539717,0.13941,-0.222978,-0.0838246
14.1,34.7198,35.25,-0.542107,0,0.0736112,0,3.00732,2.5,0.0104286,0,-0.58416,0.0361603,-0.239173,-0.0693233
14.2,35.0135,35.5,-0.523891,0,0.0759464,0,3.14114,2.5,0.0216913,0,-1.00901,0.0095426,-0.179789,-0.0546488
14.3,35.3255,35.75,-0.510136,0,0.0774513,0,3.25638,2.5,0.00377173,0,-1.43273,0.0340296,-0.159602,-0.0398376
14.4,35.6428,36,-0.489845,0,0.0772857,0,3.2131,2.5,0.0104571,0,-1.5859,-0.0224607,-0.119006,-0.0249268
14.5,35.9357,36.25,-0.468097,0,0.0767482,0,2.92643,2.5,-0.0097578,0,-1.22107,0.00660519,-0.0860411,-0.00995376
14.6,36.2193,36.5,-0.452524,0,0.0773502,0,2.69836,2.5,0.0170159,0,-0.752882,-0.0353641,-0.112412,0.00504417
14.7,36.4795,36.75,-0.424967,0,0.0785627,0,2.70069,2.5,-0.00626607,0,-0.628537,0.00620458,-0.11024,0.0200295
14.8,36.7658,37,-0.408668,0,0.0768982,0,3.04108,2.5,-0.0375183,0,-1.22872,0.0506218,-0.0656473,0.0349648
14.9,37.0563,37.25,-0.381552,0,0.0730737,0,2.88891,2.5,-0.0258726,0,-1.22478,0.0478423,-0.118877,0.0498126
15,37.3193,37.5,-0.355457,0,0.0720315,0,2.6067,2.5,-0.0073217,0,-0.740325,-0.0389147,-0.086783,0.064536
15.1,37.5672,37.75,-0.324155,0,0.070485,0,2.61771,2.5,-0.0339363,0,-0.611145,0.0384071,-0.0822867,0.0790981
15.2,37.8332,38,-0.292011,0,0.0667871,0,2.58672,2.5,-0.0524361,0,-0.543599,0.0957616,-0.0762471,0.0934624
15.3,38.0965,38.25,-0.253215,0,0.0614757,0,2.76591,2.5,-0.07043,0,-0.825404,0.15755,-0.107555,0.107593
15.4,38.3732,38.5,-0.225136,0,0.0565841,0,2.81741,2.5,-0.0428,0,-1.00965,0.0755859,-0.109997,0.121455
15.5,38.6752,38.75,-0.196963,0,0.051559,0,3.19169,2.5,-0.0354822,0,-1.78804,0.0728748,-0.0702091,0.135013
15.6,38.9889,39,-0.175049,0,0.0492951,0,3.14046,2.5,-0.000827066,0,-2.04028,-0.0506894,-0.0426908,0.148234
15.7,39.2955,39.25,-0.146052,0,0.0484817,0,2.77023,2.5,-0.0139703,0,-1.54022,-0.0508434,0.0419272,0.161084
15.8,39.5597,39.5,-0.11865,0,0.0456655,0,2.49076,2.5,-0.0344043,0,-0.913082,-0.0489986,0.133027,0.173532
15.9,39.7872,39.75,-0.0851387,0,0.0422301,0,2.39512,2.5,-0.0394625,0,-0.549215,-0.0163584,0.102618,0.185546
16,40.0131,40,-0.0605148,0,0.0397759,0,2.28095,2.5,-0.0371789,0,-0.043144,-0.0565197,0.124312,0.197096
16.1,40.251,40.25,-0.0303886,0,0.0367238,0,2.51952,2.5,-0.0593284,0,-0.486378,-0.0226785,0.168254,0.208153
16.2,40.5126,40.25,0.00190247,0,0.0315829,0,2.73271,2.5,-0.047617,0,-0.969153,-0.0387458,0.133042,0.218691
16.3,40.7633,40.75,0.0289537,0,0.0272671,0,2.44891,2.5,-0.0703313,0,-0.134508,0.0225381,0.175607,0.228681
16.4,41.0121,40.75,0.0629412,0,0.0211002,0,2.2393,2.5,-0.0894292,0,0.150466,0.0721586,0.175727,0.2381
16.5,41.2483,41.25,0.0870931,0,0.0142014,0,2.36082,2.5,-0.0640041,0,-0.0188611,0.0156767,0.17344,0.246924
16.6,41.4701,41.5,0.112181,0,0.00826485,0,2.21552,2.5,-0.0989952,0,0.204156,0.109396,0.19424,0.255131
16.7,41.6851,41.5,0.141613,0,0.00294186,0,1.94638,2.5,-0.0564564,0,0.719816,-0.0329005,0.211022,0.2627
16.8,41.8743,42,0.167302,0,-0.000121767,0,1.834,2.5,-0.0514838,0,1.15094,-0.0259376,0.173203,0.269612
16.9,42.0806,42,0.184478,0,-0.00398092,0,2.32579,2.5,-0.054033,0,0.153494,0.0108579,0.198749,0.275851
17,42.2985,42.5,0.206197,0,-0.00771981,0,1.90987,2.5,-0.0450182,0,0.988737,-0.073013,0.223111,0.2814
17.1,42.4812,42.75,0.238813,0,-0.00980611,0,1.82698,2.5,-0.0518662,0,1.49065,-0.0527562,0.208737,0.286246
17.2,42.6647,42.75,0.271098,0,-0.0120898,0,1.8469,2.5,-0.0510095,0,1.69336,-0.0576885,0.216102,0.290376
17.3,42.8629,43.25,0.294241,0,-0.0183387,0,1.77692,2.5,-0.116849,0,2.0015,0.115032,0.233544,0.29378
17.4,43.027,43.5,0.322389,0,-0.024514,0,1.69327,2.5,-0.144828,0,2.37627,0.184292,0.229555,0.29645
17.5,43.2072,43.75,0.348021,0,-0.0322344,0,2.02121,2.5,-0.0932241,0,2.02997,0.0585906,0.258471,0.29838
17.6,43.4083,44,0.38004,0,-0.0397688,0,2.09227,2.5,-0.125456,0,1.85167,0.178729,0.23197,0.299563
17.7,43.6159,44,0.392278,0,-0.0477653,0,1.91577,2.5,-0.120506,0,2.14142,0.189925,0.235614,0.299998
17.8,43.8236,44.5,0.4179,0,-0.0552413,0,2.29399,2.5,-0.0789019,0,1.64759,0.0910081,0.258145,0.299682
17.9,44.0571,44.75,0.43408,0,-0.0610452,0,2.34538,2.5,-0.0898018,0,1.42389,0.150105,0.254639,0.298618
18,44.3031,45,0.451298,0,-0.0678807,0,2.51361,2.5,-0.072985,0,1.0564,0.134591,0.26186,0.296807
18.1,44.585,45.25,0.456965,0,-0.0752141,0,3.21746,2.5,-0.0699623,0,-0.64901,0.159039,0.288193,0.294255
18.2,44.8969,45.25,0.457005,0,-0.0810848,0,2.99566,2.5,-0.0495677,0,-0.338167,0.134996,0.275171,0.290967
18.3,45.1898,45.75,0.460309,0,-0.0852124,0,2.87217,2.5,-0.021138,0,-0.253495,0.0880867,0.295279,0.286952
18.4,45.4621,46,0.464667,0,-0.0876994,0,2.54503,2.5,-0.0341745,0,0.074609,0.117032,0.347749,0.282219
18.5,45.7127,46.25,0.474023,0,-0.0893036,0,2.50532,2.5,-0.0310473,0,0.096019,0.113625,0.358025,0.276781
18.6,45.9831,46.5,0.48219,0,-0.0895457,0,2.89767,2.5,0.00030225,0,-0.290641,0.0437128,0.343234,0.270652
18.7,46.2562,46.5,0.485541,0,-0.0897816,0,2.78887,2.5,-0.00823606,0,-0.178926,0.117914,0.299339,0.263845
18.8,46.5426,47,0.483225,0,-0.091346,0,2.75273,2.5,-0.027412,0,-0.169835,0.157474,0.29804,0.25638
18.9,46.8254,47.25,0.486548,0,-0.0937335,0,2.92113,2.5,-0.020202,0,-0.358282,0.138051,0.332197,0.248273
19,47.1016,47.5,0.486014,0,-0.095901,0,2.65606,2.5,-0.00261066,0,-0.0966335,0.119595,0.367531,0.239546
19.1,47.3686,47.75,0.478979,0,-0.0951143,0,2.45179,2.5,0.00823751,0,0.108041,0.11166,0.358411,0.23022
19.2,47.6201,47.75,0.468225,0,-0.0950024,0,2.42901,2.5,0.0120518,0,0.0980073,0.127453,0.339169,0.220319
19.3,47.8485,48.25,0.469339,0,-0.0930292,0,2.10337,2.5,0.0490076,0,0.928212,0.0189536,0.346771,0.209867
19.4,48.0754,48.5,0.472299,0,-0.0885798,0,2.58556,2.5,0.0502333,0,-0.0760467,0.0916393,0.298358,0.198891
19.5,48.3398,48.75,0.465531,0,-0.0826653,0,2.61539,2.5,0.0850033,0,-0.0505152,-0.00300653,0.280747,0.187417
19.6,48.6031,49,0.462099,0,-0.0753376,0,2.81096,2.5,0.076,0,-0.319126,0.0533453,0.27458,0.175475
19.7,48.8632,49,0.460592,0,-0.069309,0,2.64165,2.5,0.0826563,0,-0.137287,0.0439018,0.243181,0.163095
19.8,49.1315,49.5,0.456596,0,-0.0584207,0,2.66721,2.5,0.138981,0,-0.211471,-0.138419,0.234819,0.150306
19.9,49.3903,49.75,0.454607,0,-0.0466133,0,2.49728,2.5,0.120222,0,-0.00457117,-0.0910421,0.242289,0.137142
20,49.6257,50,0.454434,0,-0.0371258,0,2.49878,2.5,0.118988,0,0.0249476,-0.0591408,0.233244,0.123636
20.1,49.8662,50.25,0.455166,0.00156248,-0.028044,0.0125,2.20698,2.5,0.105206,0,0.576541,-0.0520265,0.243571,0.10982
20.2,50.0804,50.25,0.462956,0.00156248,-0.0201584,0.0125,2.18726,2.5,0.0990396,0,0.814601,-0.0167114,0.214687,0.0957295
20.3,50.2981,50.7498,0.466523,0.0140609,-0.0130935,0.0375,2.2705,2.5,0.08702,0,0.776003,0.0215624,0.191627,0.0814
20.4,50.5644,50.9996,0.467468,0.0249948,-0.00276322,0.05,2.71807,2.5,0.104027,0,-0.238404,0.0609272,0.127007,0.066867
20.5,50.8201,51.2492,0.476207,0.0390498,0.00848393,0.0625,2.46977,2.5,0.128932,0,0.108122,-0.059469,0.17239,0.0521668
20.6,51.0342,51.4986,0.484789,0.0562236,0.0171584,0.075,1.83643,2.5,0.111194,0,1.30673,-0.0063106,0.160639,0.0373363
20.7,51.229,51.4986,0.485652,0.0562236,0.0259567,0.075,2.15162,2.5,0.118315,0,1.2119,-0.0147207,0.1456,0.0224125
20.8,51.4397,51.9967,0.496653,0.0999167,0.0350679,0.1,2.22369,2.5,0.119206,0,1.08688,0.0123128,0.126679,0.00743263
20.9,51.6865,52.2453,0.503805,0.126429,0.0454726,0.1125,2.56591,2.5,0.105547,0,0.0944083,0.0820706,0.0807611,-0.00756581
21,51.9462,52.4935,0.518305,0.156047,0.0556342,0.125,2.50231,2.5,0.110518,0,0.262145,0.0388223,0.0890116,-0.0225453
21.1,52.1778,52.7413,0.530371,0.188765,0.0662018,0.1375,2.61145,2.5,0.17637,0,0.0408989,-0.110193,0.102454,-0.0374685
21.2,52.4434,52.7413,0.550242,0.188765,0.0809795,0.1375,2.73704,2.5,0.146908,0,-0.248982,0.0215283,0.0743907,-0.052298
21.3,52.7074,53.2357,0.56258,0.263482,0.0923602,0.1625,2.83287,2.5,0.120793,0,-0.486222,0.0737739,0.0721031,-0.0669968
21.4,53.0003,53.4822,0.576196,0.305469,0.104247,0.175,3.11544,2.5,0.12039,0,-1.12762,0.0629266,0.0493214,-0.0815282
21.5,53.2861,53.7281,0.59114,0.350534,0.116382,0.1875,2.67307,2.5,0.104955,0,-0.623885,0.122593,0.0455445,-0.0958558
21.6,53.5681,53.9734,0.614278,0.398668,0.126384,0.2,3.07092,2.5,0.0970822,0,-1.2345,0.17137,0.0298358,-0.109944
21.7,53.8455,53.9734,0.645215,0.398668,0.13602,0.2,2.79099,2.5,0.102077,0,-0.944739,0.178191,0.0179471,-0.123757
21.8,54.1269,54.4621,0.670005,0.504118,0.147052,0.225,3.02018,2.5,0.132043,0,-1.30066,0.0831871,0.0378204,-0.137261
21.9,54.4079,54.7055,0.704634,0.561416,0.158542,0.2375,2.71639,2.5,0.106165,0,-0.9369,0.176459,0.0295509,-0.150422
22,54.6554,54.9481,0.728226,0.621752,0.170613,0.25,2.22097,2.5,0.160976,0,0.071416,0.0694007,-0.0264525,-0.163206
22.1,54.8709,55.1899,0.743451,0.685115,0.184488,0.2625,2.12711,2.5,0.213342,0,0.512674,-0.0443039,-0.0875614,-0.175583
22.2,55.0582,55.1899,0.759784,0.685115,0.198602,0.2625,1.78499,2.5,0.206655,0,1.42619,-0.00654192,-0.110688,-0.187521
22.3,55.2536,55.6711,0.78135,0.820885,0.212401,0.2875,2.0867,2.5,0.196603,0,1.29472,0.0390188,-0.136465,-0.19899
22.4,55.4411,55.9104,0.803028,0.89327,0.225022,0.3,2.02115,2.5,0.160716,0,1.43722,0.14079,-0.129076,-0.209962
22.5,55.6596,56.1488,0.838384,0.968641,0.237297,0.3125,2.53078,2.5,0.154123,0,0.67472,0.162914,-0.125106,-0.22041
22.6,55.8992,56.3862,0.87741,1.04699,0.252934,0.325,2.24167,2.5,0.198757,0,0.982263,0.0440877,-0.145286,-0.230306
22.7,56.1062,56.3862,0.919107,1.04699,0.26884,0.325,2.08741,2.5,0.20359,0,1.40545,0.0318785,-0.128019,-0.239626
22.8,56.3036,56.858,0.95134,1.21255,0.282584,0.35,2.11151,2.5,0.175088,0,1.59073,0.146794,-0.184134,-0.248348
22.9,56.5106,57.0923,0.982788,1.29974,0.293912,0.3625,2.49715,2.5,0.160177,0,1.00415,0.206822,-0.203096,-0.256449
23,56.7358,57.3255,1.0282,1.38985,0.306062,0.375,2.09506,2.5,0.18403,0,1.56953,0.164878,-0.239883,-0.263909
23.1,56.9466,57.5575,1.06222,1.48287,0.321396,0.3875,1.99824,2.5,0.211829,0,2.00414,0.0911473,-0.231528,-0.270709
23.2,57.1395,57.5575,1.1018,1.48287,0.336961,0.3875,2.1909,2.5,0.237421,0,1.90298,0.0211799,-0.248271,-0.276833
23.3,57.3818,58.018,1.15991,1.67757,0.360462,0.4125,2.5544,2.5,0.255223,0,1.33595,-0.0174424,-0.290496,-0.282264
23.4,57.6203,58.2464,1.22175,1.77923,0.380394,0.425,2.46408,2.5,0.208189,0,1.31471,0.104804,-0.294642,-0.286991
23.5,57.8548,58.4735,1.28943,1.88373,0.398154,0.4375,2.54691,2.5,0.22822,0,1.18396,0.0412604,-0.285032,-0.290999
23.6,58.0938,58.6993,1.35901,1.99106,0.417816,0.45,2.42445,2.5,0.246983,0,1.36449,-0.0431274,-0.255017,-0.294281
23.7,58.3259,58.6993,1.43411,1.99106,0.438599,0.45,2.68681,2.5,0.232549,0,1.00616,-0.000217909,-0.281154,-0.296827
23.8,58.5654,59.1468,1.52471,2.21415,0.462261,0.475,2.77141,2.5,0.239475,0,0.776317,-0.0376278,-0.314013,-0.298631
23.9,58.8173,59.3684,1.63327,2.32987,0.486526,0.4875,3.05195,2.5,0.223027,0,-0.227065,-0.0583951,-0.277984,-0.299689
24,59.089,59.5885,1.74826,2.44835,0.510576,0.5,3.12311,2.5,0.242669,0,-0.402322,-0.125088,-0.296392,-0.299997
24.1,59.3536,59.8072,1.86671,2.56957,0.536423,0.5125,3.01635,2.5,0.207102,0,-0.27895,-0.0465051,-0.327359,-0.299556
24.2,59.6076,59.8072,1.99268,2.56957,0.557999,0.5125,2.91405,2.5,0.18539,0,-0.155429,-0.0203528,-0.321098,-0.298366
24.3,59.8555,60.2398,2.12487,2.82017,0.575954,0.5375,2.7992,2.5,0.182545,0,0.145307,-0.00333128,-0.282672,-0.29643
24.4,60.0981,60.4537,2.26011,2.94951,0.594592,0.55,2.88047,2.5,0.178345,0,-0.144731,-0.0378586,-0.271215,-0.293753
24.5,60.3492,60.6661,2.40276,3.08151,0.612807,0.5625,3.07398,2.5,0.165385,0,-0.433373,-0.0337982,-0.269346,-0.290342
24.6,60.6107,60.8767,2.56809,3.21615,0.628759,0.575,3.15012,2.5,0.117907,0,-0.707674,0.0965934,-0.246267,-0.286206
24.7,60.851,60.8767,2.71626,3.21615,0.643639,0.575,2.90748,2.5,0.150627,0,-0.291187,-0.0393023,-0.228346,-0.281354
24.8,61.0817,61.2928,2.86059,3.49329,0.657289,0.6,2.93213,2.5,0.116965,0,-0.385802,0.0780256,-0.235953,-0.275799
24.9,61.2963,61.4983,3.00462,3.63573,0.666989,0.6125,2.54803,2.5,0.123181,0,0.25131,0.061525,-0.262839,-0.269554
25,61.4932,61.7019,3.137,3.78074,0.677892,0.625,2.56195,2.5,0.100766,0,0.461414,0.135101,-0.27414,-0.262636
25.1,61.6958,61.9038,3.27737,3.92828,0.686027,0.6375,2.57181,2.5,0.0718168,0,0.520348,0.210376,-0.274492,-0.255061
25.2,61.9072,61.9038,3.42164,3.92828,0.69283,0.6375,2.5782,2.5,0.0864913,0,0.545186,0.194269,-0.269346,-0.246849
25.3,62.1062,62.3018,3.56582,4.23086,0.700954,0.6625,2.46162,2.5,0.11051,0,0.779536,0.147875,-0.264916,-0.238019
25.4,62.2973,62.4979,3.69954,4.38586,0.71188,0.675,2.66054,2.5,0.159987,0,0.58473,0.0300687,-0.307145,-0.228595
25.5,62.4916,62.6921,3.84453,4.5433,0.726269,0.6875,2.64461,2.5,0.150347,0,0.545613,0.072372,-0.297103,-0.218599
25.6,62.6836,62.8844,4.00685,4.70316,0.739584,0.7,2.73773,2.5,0.147601,0,0.273822,0.0517948,-0.265431,-0.208058
25.7,62.8851,63.0746,4.16638,4.8654,0.753528,0.7125,2.77552,2.5,0.144527,0,0.160803,0.064374,-0.288446,-0.196996
25.8,63.0865,63.2627,4.34282,5.03001,0.766688,0.725,2.82169,2.5,0.135626,0,0.110912,0.0972834,-0.313017,-0.185441
25.9,63.2986,63.4488,4.53171,5.19696,0.782154,0.7375,3.11586,2.5,0.148309,0,-0.490767,0.063318,-0.263682,-0.173423
26,63.5153,63.6328,4.72917,5.36622,0.799216,0.75,2.86032,2.5,0.173226,0,-0.21226,-0.0398542,-0.243924,-0.160972
26.1,63.7008,63.8146,4.90931,5.53777,0.815375,0.7625,2.73783,2.5,0.177228,0,-0.0736996,-0.0720592,-0.207357,-0.148118
26.2,63.8948,63.9943,5.09875,5.71158,0.832339,0.775,2.95042,2.5,0.16767,0,-0.393072,-0.0507016,-0.209352,-0.134894
26.3,64.0906,64.1718,5.30468,5.88762,0.849519,0.7875,2.87321,2.5,0.192054,0,-0.322528,-0.135308,-0.175832,-0.121333
26.4,64.2695,64.3471,5.50375,6.06587,0.866462,0.8,2.53029,2.5,0.165192,0,0.155851,-0.0927875,-0.151274,-0.107469
26.5,64.4423,64.5202,5.6965,6.24629,0.880958,0.8125,2.74816,2.5,0.169496,0,-0.172826,-0.111883,-0.114757,-0.0933358
26.6,64.6253,64.691,5.91336,6.42886,0.89981,0.825,3.02686,2.5,0.198954,0,-0.726895,-0.227316,-0.101455,-0.0789695
26.7,64.8095,64.8594,6.14402,6.61355,0.919102,0.8375,3.29881,2.5,0.178508,0,-1.42378,-0.198431,-0.112893,-0.0644059
26.8,65.0023,65.0256,6.39091,6.80034,0.940474,0.85,3.16953,2.5,0.19139,0,-1.46825,-0.3057,-0.123028,-0.0496813
26.9,65.1652,65.1894,6.62924,6.98918,0.958532,0.8625,3.00715,2.5,0.162181,0,-1.28265,-0.237185,-0.119451,-0.0348324
27,65.3308,65.3509,6.86084,7.18006,0.973152,0.875,2.78573,2.5,0.131572,0,-0.868724,-0.159248,-0.139842,-0.0198966
27.1,65.4782,65.5099,7.09694,7.37295,0.982887,0.8875,2.68969,2.5,0.0607002,0,-0.324997,0.0373334,-0.115717,-0.00491096
27.2,65.6189,65.6665,7.31962,7.5678,0.988605,0.9,2.7568,2.5,0.0503597,0,-0.319802,0.0533308,-0.143378,0.0100869
27.3,65.7734,65.8207,7.55162,7.7646,0.993825,0.9125,2.361,2.5,0.062342,0,0.157724,0.0127571,-0.109874,0.0250596
27.4,65.9235,65.9724,7.77426,7.96331,1.00227,0.925,2.75259,2.5,0.0954797,0,-0.423358,-0.0709746,-0.111523,0.0399696
27.5,66.0634,66.1216,7.9985,8.1639,1.01126,0.9375,2.59239,2.5,0.105523,0,-0.338897,-0.0983719,-0.090655,0.0547797
27.6,66.1989,66.2683,8.21992,8.36634,1.02061,0.95,2.78089,2.5,0.107208,0,-0.737767,-0.105484,-0.0524212,0.0694529
27.7,66.3508,66.4125,8.46726,8.5706,1.02987,0.9625,2.812,2.5,0.103992,0,-0.956918,-0.0787896,-0.0430186,0.0839526
27.8,66.4783,66.554,8.7088,8.77664,1.03785,0.975,2.44878,2.5,0.0648141,0,-0.1426,0.024588,0.0130323,0.0982423
27.9,66.5904,66.693,8.9021,8.98444,1.0436,0.9875,2.07596,2.5,0.0642289,0,0.441839,0.0178526,0.0273204,0.112287
28,66.6883,66.8294,9.08763,9.19395,1.04795,1,1.81096,2.5,0.0793627,0,1.11536,-0.0224748,0.0224244,0.12605
28.1,66.8021,66.9632,9.28943,9.40516,1.05491,1.0125,2.5459,2.5,0.102436,0,0.0775766,-0.0522594,0.0394829,0.139499
28.2,66.9231,67.0943,9.52603,9.61802,1.06276,1.025,2.31289,2.5,0.0665387,0,0.166672,0.0683608,-0.0142034,0.152598
28.3,67.0338,67.2227,9.7441,9.83251,1.06678,1.0375,2.18855,2.5,0.0489865,0,0.312026,0.0828707,0.00816944,0.165317
28.4,67.1343,67.3485,9.94327,10.0486,1.07138,1.05,2.01265,2.5,0.0896405,0,0.903229,0.0237476,0.00502798,0.177622
28.5,67.225,67.4715,10.1247,10.2662,1.07638,1.0625,1.76333,2.5,0.0670293,0,1.5765,0.0562693,0.0286346,0.189483
28.6,67.3132,67.5918,10.3072,10.4854,1.08145,1.075,1.96838,2.5,0.0905818,0,1.46371,0.0269201,0.0635887,0.200871
28.7,67.3933,67.7094,10.5043,10.706,1.08928,1.0875,1.79473,2.5,0.148106,0,1.79085,-0.122158,0.08349,0.211756
28.8,67.4761,67.8241,10.6785,10.9281,1.09706,1.1,1.60427,2.5,0.107316,0,2.24364,-0.0124215,0.127903,0.222113
28.9,67.5465,67.9362,10.8529,11.1516,1.10339,1.1125,1.58866,2.5,0.0901098,0,2.49996,0.0543934,0.123954,0.231914
29,67.6198,68.0454,11.0322,11.3765,1.10698,1.125,1.86754,2.5,0.0475188,0,2.12858,0.180257,0.159878,0.241135
29.1,67.7104,68.1517,11.2236,11.6027,1.11008,1.1375,2.02665,2.5,0.0343491,0,1.77192,0.219964,0.171273,0.249754
29.2,67.8075,68.2553,11.4516,11.8303,1.11311,1.15,2.3167,2.5,0.0689062,0,1.13707,0.163322,0.20722,0.257749
29.3,67.9196,68.356,11.7023,12.0591,1.11976,1.1625,2.49135,2.5,0.0823656,0,0.645375,0.149743,0.196005,0.265099
29.4,68.0169,68.4538,11.9409,12.2891,1.12668,1.175,2.08132,2.5,0.0834461,0,1.24136,0.159029,0.156765,0.271786
29.5,68.1083,68.5487,12.1362,12.5204,1.13362,1.1875,1.93004,2.5,0.099173,0,1.79147,0.129017,0.11784,0.277795
29.6,68.1806,68.6408,12.3361,12.7528,1.14079,1.2,2.05702,2.5,0.127001,0,1.80947,0.0657435,0.103722,0.283109
29.7,68.2749,68.7299,12.5672,12.9864,1.15093,1.2125,2.24618,2.5,0.149373,0,1.54864,0.03702,0.0793903,0.287715
29.8,68.3706,68.8161,12.8067,13.2211,1.16256,1.225,2.4597,2.5,0.138927,0,0.998347,0.0608042,0.150529,0.291602
29.9,68.4658,68.8994,13.0687,13.4568,1.17594,1.2375,2.51216,2.5,0.158067,0,0.774076,0.00738939,0.128073,0.294761
30,68.5618,68.9797,13.3409,13.6936,1.19043,1.25,2.70651,2.5,0.180639,0,0.156173,-0.0456817,0.137475,0.297182
30.1,68.6573,69.057,13.6077,13.9313,1.20617,1.2625,2.71948,2.5,0.156097,0,-0.0661989,-0.000127871,0.215466,0.298861
30.2,68.7566,69.1314,13.8922,14.17,1.22222,1.275,2.7609,2.5,0.184309,0,-0.26517,-0.054012,0.197844,0.299793
30.3,68.844,69.2028,14.1845,14.4096,1.23891,1.2875,2.67916,2.5,0.178105,0,-0.281883,-0.0755382,0.231514,0.299975
30.4,68.929,69.2712,14.477,14.65,1.25778,1.3,2.85061,2.5,0.2236,0,-0.662863,-0.197271,0.245121,0.299408
30.5,69.0242,69.3365,14.7961,14.8913,1.28444,1.3125,3.31014,2.5,0.263138,0,-1.70673,-0.367808,0.274972,0.298092
30.6,69.1078,69.3989,15.1168,15.1334,1.31367,1.325,2.81512,2.5,0.285497,0,-1.31346,-0.458031,0.286913,0.296032
30.7,69.1817,69.4582,15.4191,15.3763,1.34019,1.3375,2.60132,2.5,0.261187,0,-0.915185,-0.437846,0.28553,0.293231
30.8,69.235,69.5145,15.6933,15.6199,1.36271,1.35,2.50354,2.5,0.23379,0,-0.669947,-0.387721,0.274619,0.289697
30.9,69.2899,69.5677,15.9706,15.8641,1.38275,1.3625,2.63164,2.5,0.208479,0,-0.915633,-0.372771,0.297028,0.28544
31,69.3415,69.6179,16.2469,16.109,1.39846,1.375,2.36619,2.5,0.170023,0,-0.589594,-0.271977,0.290727,0.280469
31.1,69.3763,69.665,16.4843,16.3546,1.41035,1.3875,2.05518,2.5,0.141764,0,0.0731967,-0.22011,0.263171,0.274796
31.2,69.4099,69.709,16.732,16.6007,1.42101,1.4,2.42257,2.5,0.142259,0,-0.355466,-0.218734,0.256105,0.268437
31.3,69.4483,69.7499,17.0057,16.8473,1.4326,1.4125,2.62954,2.5,0.130355,0,-0.894802,-0.175591,0.261401,0.261407
31.4,69.4753,69.7878,17.286,17.0944,1.44456,1.425,2.64137,2.5,0.131083,0,-1.14108,-0.195395,0.266389,0.253724
31.5,69.5073,69.8226,17.5734,17.342,1.45627,1.4375,2.7478,2.5,0.104579,0,-1.46939,-0.109187,0.257216,0.245407
31.6,69.5352,69.8543,17.8701,17.5899,1.46418,1.45,2.7553,2.5,0.0624295,0,-1.65422,0.0239134,0.237973,0.236476
31.7,69.5608,69.8828,18.1661,17.8383,1.46743,1.4625,2.3766,2.5,0.0114457,0,-1.12012,0.168346,0.243546,0.226954
31.8,69.584,69.9083,18.4237,18.087,1.46957,1.475,2.09083,2.5,0.0446263,0,-0.453655,0.0964277,0.234658,0.216864
31.9,69.6027,69.9307,18.6425,18.336,1.47365,1.4875,2.10622,2.5,0.0550918,0,0.0720148,0.108614,0.232084,0.206233
32,69.6253,69.9499,18.8728,18.5853,1.47774,1.5,2.22891,2.5,0.0215908,0,-0.2708,0.219158,0.196073,0.195086
32.1,69.6414,69.966,19.1307,18.8347,1.48088,1.5125,2.27669,2.5,0.0526957,0,-0.425185,0.175101,0.178948,0.183452
32.2,69.6589,69.979,19.3579,19.0844,1.48471,1.525,2.18195,2.5,0.0433158,0,-0.297554,0.240884,0.180238,0.171359
32.3,69.679,69.979,19.6056,19.0844,1.48892,1.525,2.46285,2.5,0.0703706,0,-0.768866,0.208697,0.198835,0.158838
32.4,69.6938,69.9889,19.8633,19.3342,1.49763,1.5375,2.54116,2.5,0.159616,0,-1.12007,-0.018152,0.252411,0.14592
32.5,69.7126,69.9993,20.1194,19.8341,1.51218,1.5625,2.34033,2.5,0.17737,0,-0.926789,-0.0206903,0.263806,0.132637
32.6,69.7181,69.9998,20.3744,20.0841,1.52754,1.575,2.45807,2.5,0.187514,0,-1.07252,-0.0689851,0.248864,0.119022
32.7,69.7249,69.9972,20.6159,20.3341,1.5429,1.5875,2.09615,2.5,0.191351,0,-0.517189,-0.0626537,0.268594,0.10511
32.8,69.7336,69.9972,20.8412,20.3341,1.55589,1.5875,2.07367,2.5,0.173865,0,-0.349482,0.00793621,0.293363,0.0909355
32.9,69.7331,69.9915,21.0432,20.584,1.56734,1.6,1.64586,2.5,0.164416,0,0.49548,0.0185142,0.288936,0.0765335
33,69.7263,69.9706,21.2074,21.0835,1.57672,1.625,1.58773,2.5,0.182076,0,0.96146,-0.0101932,0.276081,0.0619402
33.1,69.728,69.9555,21.3755,21.3331,1.58725,1.6375,1.72383,2.5,0.180329,0,1.07067,0.00869631,0.183193,0.0471921
33.2,69.7269,69.9373,21.5537,21.5824,1.59756,1.65,1.828,2.5,0.168271,0,1.03966,0.033448,0.161559,0.0323261
33.3,69.7202,69.9373,21.7529,21.5824,1.61093,1.65,2.22248,2.5,0.21511,0,0.169401,-0.0643202,0.133252,0.0173792
33.4,69.7096,69.916,21.9503,21.8315,1.62508,1.6625,1.7249,2.5,0.215749,0,1.12971,-0.0955464,0.115365,0.00238896
33.5,69.7054,69.864,22.1083,22.3288,1.639,1.6875,1.7749,2.5,0.216952,0,1.45524,-0.0989056,0.0881752,-0.0126073
33.6,69.6833,69.8333,22.2964,22.5769,1.6522,1.7,1.91003,2.5,0.207513,0,1.39495,-0.0564561,0.0957489,-0.0275721
33.7,69.6645,69.7995,22.4961,22.8246,1.66613,1.7125,2.05161,2.5,0.207841,0,1.24248,-0.0751974,0.0576469,-0.0424679
33.8,69.6425,69.7995,22.6992,22.8246,1.67994,1.7125,2.46494,2.5,0.162485,0,0.581418,0.0193857,0.00339745,-0.0572576
33.9,69.6129,69.7627,22.9677,23.0719,1.698,1.725,2.87923,2.5,0.196643,0,-0.325819,-0.0969331,-0.00920941,-0.0719041
34,69.5785,69.6797,23.247,23.5649,1.71751,1.75,2.83138,2.5,0.218096,0,-0.406139,-0.142993,-0.0448396,-0.086371
34.1,69.5441,69.6336,23.5078,23.8106,1.73853,1.7625,2.7199,2.5,0.226172,0,-0.471273,-0.233222,0.0259066,-0.100622
34.2,69.4954,69.5845,23.7689,24.0557,1.75844,1.775,2.59811,2.5,0.194865,0,-0.209414,-0.121537,-0.0149392,-0.114621
34.3,69.4485,69.5322,24.0057,24.3002,1.77734,1.7875,2.63271,2.5,0.205062,0,-0.282714,-0.203415,-0.00312464,-0.128334
34.4,69.3964,69.5322,24.2264,24.3002,1.79197,1.7875,2.17396,2.5,0.141852,0,0.512778,-0.042655,-0.0270698,-0.141727
34.5,69.3455,69.4186,24.4373,24.7871,1.80218,1.8125,2.17451,2.5,0.127851,0,0.830343,-0.0112432,-0.0458846,-0.154765
34.6,69.3024,69.3573,24.6297,25.0295,1.8127,1.825,2.18871,2.5,0.116693,0,0.912523,0.00567775,-0.0390936,-0.167416
34.7,69.2591,69.2929,24.8346,25.2711,1.82222,1.8375,2.39829,2.5,0.104551,0,0.654423,0.0484605,-0.0687608,-0.179648
34.8,69.2022,69.2255,25.054,25.5118,1.83046,1.85,2.37718,2.5,0.102801,0,0.670399,0.0557473,-0.0961987,-0.191432
34.9,69.1531,69.2255,25.2552,25.5118,1.83679,1.85,1.82737,2.5,0.0778578,0,1.63782,0.120826,-0.0666322,-0.202737
35,69.1016,69.0817,25.4126,25.9907,1.84112,1.875,1.8514,2.5,0.0926482,0,1.95344,0.136971,-0.0558217,-0.213536
35.1,69.0501,69.0053,25.5729,26.2287,1.84768,1.8875,2.09137,2.5,0.129162,0,1.80858,0.0470155,-0.10713,-0.2238
35.2,68.9933,68.926,25.7552,26.4658,1.85901,1.9,2.11419,2.5,0.154515,0,1.83469,-0.0296296,-0.132925,-0.233506
35.3,68.9277,68.8437,25.941,26.7019,1.86974,1.9125,2.21525,2.5,0.170467,0,1.78918,-0.0666134,-0.18082,-0.242627
35.4,68.8567,68.8437,26.1425,26.7019,1.88392,1.9125,2.3175,2.5,0.165813,0,1.63953,-0.0549688,-0.171197,-0.251143
35.5,68.7743,68.6703,26.3585,27.1708,1.89705,1.9375,2.74684,2.5,0.140141,0,0.961056,-0.00877607,-0.248144,-0.25903
35.6,68.6799,68.5792,26.5973,27.4036,1.90805,1.95,2.96484,2.5,0.109221,0,0.348069,0.0534792,-0.244595,-0.26627
35.7,68.5864,68.4852,26.8456,27.6353,1.91905,1.9625,3.08527,2.5,0.135067,0,-0.115758,0.00420129,-0.219417,-0.272845
35.8,68.4803,68.3883,27.1115,27.8657,1.93283,1.975,2.99418,2.5,0.128152,0,-0.292518,0.0290992,-0.228064,-0.278737
35.9,68.3811,68.3883,27.3306,27.8657,1.94401,1.975,2.55159,2.5,0.130213,0,0.576272,-0.00367905,-0.24902,-0.283933
36,68.2799,68.1859,27.5724,28.3229,1.95545,2,3.21122,2.5,0.138153,0,-0.3377,0.0117471,-0.23663,-0.288419
36.1,68.1582,68.0805,27.8266,28.5496,1.9691,2.0125,2.78752,2.5,0.136651,0,0.0161485,0.0188529,-0.195791,-0.292185
36.2,68.0385,67.9722,28.0688,28.7749,1.98426,2.025,3.03635,2.5,0.155514,0,-0.366591,-0.0412379,-0.175922,-0.29522
36.3,67.9,67.8611,28.3377,28.9989,2.00183,2.0375,3.38167,2.5,0.184705,0,-1.16797,-0.126125,-0.159436,-0.297517
36.4,67.7557,67.8611,28.6098,28.9989,2.02153,2.0375,3.13941,2.5,0.167359,0,-1.1146,-0.0906758,-0.135155,-0.29907
36.5,67.6314,67.6306,28.837,29.4426,2.03535,2.0625,2.7894,2.5,0.117641,0,-0.375205,0.0416729,-0.14253,-0.299876
36.6,67.5043,67.5112,29.0591,29.6622,2.04619,2.075,2.61945,2.5,0.113836,0,0.0145011,0.0237704,-0.19272,-0.299932
36.7,67.3784,67.389,29.2562,29.8803,2.05552,2.0875,2.63706,2.5,0.111053,0,0.0311703,0.0276207,-0.262149,-0.299239
36.8,67.2448,67.2642,29.4599,30.0969,2.06595,2.1,2.85008,2.5,0.118162,0,-0.305955,0.0318794,-0.24383,-0.297798
36.9,67.1124,67.2642,29.6628,30.0969,2.07753,2.1,2.55828,2.5,0.110155,0,0.20195,0.0325512,-0.263101,-0.295612
37,66.9879,67.0064,29.8542,30.5253,2.08999,2.125,2.55275,2.5,0.14474,0,0.329631,-0.0673757,-0.224296,-0.292688
37.1,66.8559,66.8735,30.0722,30.7371,2.1045,2.1375,3.05975,2.5,0.148128,0,-0.526911,-0.0559604,-0.222683,-0.289032
37.2,66.6932,66.738,30.309,30.9472,2.11888,2.15,3.17029,2.5,0.138774,0,-0.9948,-0.0553776,-0.255883,-0.284653
37.3,66.5348,66.5998,30.5336,31.1555,2.13446,2.1625,2.97808,2.5,0.165967,0,-0.813469,-0.164743,-0.294494,-0.279563
37.4,66.3703,66.5998,30.7615,31.1555,2.15196,2.1625,3.06805,2.5,0.132191,0,-0.941707,-0.0785142,-0.310195,-0.273775
37.5,66.2023,66.3158,30.984,31.567,2.16642,2.1875,2.95062,2.5,0.143608,0,-0.759253,-0.158079,-0.372689,-0.267302
37.6,66.0446,66.1699,31.1887,31.77,2.17856,2.2,2.61826,2.5,0.131433,0,-0.196141,-0.116174,-0.324012,-0.260161
37.7,65.8901,66.0215,31.3832,31.9712,2.19125,2.2125,2.55493,2.5,0.123429,0,0.123241,-0.127665,-0.349357,-0.252369
37.8,65.7423,65.8707,31.5581,32.1706,2.20214,2.225,2.58713,2.5,0.12987,0,0.0558685,-0.0991961,-0.275475,-0.243947
37.9,65.5795,65.8707,31.7545,32.1706,2.21268,2.225,2.73541,2.5,0.105101,0,-0.219157,-0.0344779,-0.281293,-0.234915
38,65.4133,65.5615,31.9588,32.5635,2.22252,2.25,2.6838,2.5,0.0894568,0,-0.159265,0.043071,-0.266938,-0.225296
38.1,65.2441,65.4032,32.1502,32.757,2.23304,2.2625,2.61849,2.5,0.0989608,0,-0.1015,-0.018161,-0.262941,-0.215114
38.2,65.08,65.2425,32.3331,32.9485,2.24143,2.275,2.78698,2.5,0.115185,0,-0.364352,-0.0685494,-0.278307,-0.204394
38.3,64.9126,65.0795,32.5201,33.1381,2.25215,2.2875,2.89287,2.5,0.0771392,0,-0.404584,0.0670484,-0.261491,-0.193163
38.4,64.7168,65.0795,32.7287,33.1381,2.25894,2.2875,3.09053,2.5,0.05587,0,-1.05821,0.104923,-0.25063,-0.18145
38.5,64.5308,64.7464,32.943,33.5109,2.2655,2.3125,2.88809,2.5,0.0875306,0,-0.954025,0.026785,-0.251113,-0.169283
38.6,64.3327,64.5763,33.1645,33.6942,2.27438,2.325,3.14895,2.5,0.0945889,0,-1.48247,0.0417504,-0.224904,-0.156693
38.7,64.1172,64.404,33.3954,33.8753,2.28578,2.3375,3.08936,2.5,0.135083,0,-1.58745,-0.112929,-0.230442,-0.143711
38.8,63.9086,64.2295,33.6226,34.0543,2.3013,2.35,3.04472,2.5,0.154166,0,-1.64303,-0.133325,-0.199262,-0.13037
38.9,63.6954,64.2295,33.8539,34.0543,2.3189,2.35,3.49027,2.5,0.130821,0,-2.54966,-0.0529857,-0.174166,-0.116703
39,63.4601,63.8737,34.0894,34.4056,2.33599,2.375,3.28811,2.5,0.169597,0,-2.57288,-0.20091,-0.17756,-0.102744
39.1,63.2396,63.6926,34.2988,34.5779,2.35399,2.3875,2.84236,2.5,0.169241,0,-1.94199,-0.197811,-0.13403,-0.0885288
39.2,63.0469,63.5093,34.4824,34.7479,2.36857,2.4,2.75606,2.5,0.135934,0,-1.68512,-0.0892315,-0.107312,-0.0740921
39.3,62.8607,63.3239,34.6597,34.9156,2.3825,2.4125,2.4929,2.5,0.160253,0,-1.1884,-0.144953,-0.0759756,-0.0594702
39.4,62.6733,63.3239,34.8229,34.9156,2.39739,2.4125,2.47984,2.5,0.181716,0,-1.02526,-0.218333,-0.0575848,-0.0446997
39.5,62.5076,62.9469,34.9739,35.244,2.41181,2.4375,2.10264,2.5,0.164151,0,-0.286055,-0.183488,-0.102294,-0.0298175
39.6,62.3472,62.7553,35.1141,35.4046,2.42295,2.45,2.0302,2.5,0.159315,0,0.150653,-0.16159,-0.118879,-0.0148607
39.7,62.1961,62.5617,35.2563,35.5629,2.43398,2.4625,2.03909,2.5,0.132806,0,0.30738,-0.101898,-0.0980088,0.000133224
39.8,62.0433,62.3662,35.3939,35.7187,2.44125,2.475,1.93315,2.5,0.0822829,0,0.47529,0.0764998,-0.118942,0.0151268
39.9,61.8832,62.3662,35.5345,35.7187,2.44746,2.475,2.2755,2.5,0.108233,0,0.103508,0.0128749,-0.120689,0.0300826
40,61.7024,61.9694,35.6832,36.0229,2.45487,2.5,2.4295,2.5,0.0912415,0,-0.163929,0.0918011,-0.102789,0.0449632
40.1,61.5263,61.7682,35.8362,36.1712,2.46274,2.5125,2.31234,2.5,0.0809703,0,0.0237622,0.138351,-0.0641403,0.0597314
40.2,61.3559,61.5652,35.9858,36.3171,2.46974,2.525,1.96941,2.5,0.100435,0,0.669606,0.0752302,-0.0938082,0.0743503
40.3,61.191,61.3603,36.1297,36.4604,2.47773,2.5375,2.36999,2.5,0.113029,0,0.131594,0.100386,-0.0319998,0.0887833
40.4,61.0113,61.3603,36.2829,36.4604,2.48689,2.5375,2.11229,2.5,0.131389,0,0.456865,0.0684983,-0.0278028,0.102994
40.5,60.8413,60.9453,36.4287,36.7392,2.49638,2.5625,2.32494,2.5,0.121435,0,0.121938,0.146619,0.0249515,0.116948
40.6,60.6537,60.7352,36.585,36.8747,2.5069,2.575,2.48036,2.5,0.137316,0,-0.181069,0.137482,0.0646314,0.13061
40.7,60.4402,60.5234,36.7553,37.0076,2.51918,2.5875,2.59291,2.5,0.140839,0,-0.485935,0.120803,0.046484,0.143945
40.8,60.2381,60.31,36.9149,37.1378,2.53027,2.6,2.42885,2.5,0.11716,0,-0.354948,0.234293,0.105204,0.15692
40.9,60.0442,60.31,37.0688,37.1378,2.53991,2.6,2.27583,2.5,0.116112,0,0.015689,0.28112,0.127789,0.169503
41,59.8423,59.8784,37.2247,37.3901,2.55172,2.625,2.59123,2.5,0.180894,0,-0.451742,0.123086,0.111666,0.181662
41.1,59.6233,59.6603,37.3802,37.5123,2.56658,2.6375,2.46189,2.5,0.18712,0,-0.438584,0.150026,0.169756,0.193367
41.2,59.4328,59.4406,37.5143,37.6316,2.58092,2.65,1.99759,2.5,0.186253,0,0.381387,0.181276,0.235437,0.204589
41.3,59.2691,59.2195,37.6455,37.7483,2.59274,2.6625,1.94502,2.5,0.177209,0,0.765977,0.215102,0.209331,0.2153
41.4,59.1032,59.2195,37.7684,37.7483,2.60568,2.6625,2.10855,2.5,0.213902,0,0.676272,0.128777,0.166572,0.225472
41.5,58.9175,58.7729,37.9016,37.9732,2.6233,2.6875,2.35256,2.5,0.229021,0,0.281567,0.0842923,0.145516,0.235081
41.6,58.7281,58.5476,38.0331,38.0814,2.64077,2.7,2.43627,2.5,0.215435,0,0.0176718,0.116034,0.111764,0.244102
41.7,58.5038,58.3209,38.176,38.1869,2.65704,2.7125,2.57385,2.5,0.178456,0,-0.344777,0.204785,0.158386,0.252513
41.8,58.2785,58.0929,38.3146,38.2895,2.67366,2.725,2.41891,2.5,0.204405,0,-0.16354,0.162298,0.158416,0.260293
41.9,58.0609,58.0929,38.4575,38.2895,2.69248,2.725,2.24821,2.5,0.265454,0,0.184672,-0.0125117,0.160197,0.267423
42,57.8542,57.6332,38.5823,38.486,2.71396,2.75,2.37896,2.5,0.264842,0,0.14135,-0.0365834,0.117567,0.273884
42.1,57.6373,57.4016,38.7044,38.58,2.73664,2.7625,2.40539,2.5,0.272373,0,0.0829894,-0.0612589,0.147809,0.27966
42.2,57.4058,57.1687,38.8191,38.6711,2.76045,2.775,2.6312,2.5,0.289805,0,-0.185481,-0.149461,0.166929,0.284737
42.3,57.1519,56.9348,38.9479,38.7592,2.78768,2.7875,2.77533,2.5,0.300364,0,-0.28544,-0.193196,0.187936,0.289103
42.4,56.9093,56.9348,39.0632,38.7592,2.81211,2.7875,2.39147,2.5,0.27653,0,0.0803633,-0.164945,0.163496,0.292746
42.5,56.6915,56.4637,39.169,38.9267,2.83423,2.8125,2.16792,2.5,0.268669,0,0.290026,-0.169703,0.160566,0.295658
42.6,56.4817,56.2266,39.2679,39.006,2.85379,2.825,2.15301,2.5,0.265147,0,0.300121,-0.172797,0.201709,0.29783
42.7,56.2568,55.9886,39.3535,39.0824,2.87467,2.8375,2.24467,2.5,0.249456,0,0.227843,-0.146623,0.187072,0.299258
42.8,56.0374,55.7496,39.445,39.1557,2.89442,2.85,2.45706,2.5,0.24249,0,0.0141962,-0.156193,0.233907,0.299938
42.9,55.7853,55.7496,39.5363,39.1557,2.9163,2.85,2.7489,2.5,0.230665,0,-0.26137,-0.1455,0.250369,0.299868
43,55.5256,55.2689,39.6214,39.2935,2.93836,2.875,2.919,2.5,0.224675,0,-0.425673,-0.155894,0.257725,0.299049
43.1,55.2521,55.0273,39.7067,39.3578,2.96264,2.8875,2.65781,2.5,0.243121,0,-0.160429,-0.205644,0.259782,0.297482
43.2,54.9964,54.785,39.7841,39.4192,2.98498,2.9,2.61479,2.5,0.220621,0,-0.151375,-0.179283,0.289823,0.295172
43.3,54.7258,54.5419,39.8614,39.4775,3.00329,2.9125,2.8825,2.5,0.152401,0,-1.01137,-0.0569426,0.281043,0.292124
43.4,54.4494,54.5419,39.9293,39.4775,3.01703,2.9125,2.71025,2.5,0.132823,0,-1.01569,-0.0194941,0.274762,0.288346
43.5,54.1876,54.0536,39.9884,39.5849,3.02779,2.9375,2.52629,2.5,0.111827,0,-0.72243,0.042258,0.296221,0.283847
43.6,53.9351,53.8085,40.0437,39.634,3.03818,2.95,2.55346,2.5,0.120456,0,-0.215242,-0.0354215,0.287847,0.278639
43.7,53.699,53.5627,40.0984,39.6801,3.04773,2.9625,2.41798,2.5,0.109238,0,-0.247894,0.0600822,0.313616,0.272734
43.8,53.4752,53.3165,40.1419,39.7231,3.05584,2.975,2.17709,2.5,0.11499,0,0.209753,0.0364674,0.309943,0.266147
43.9,53.2628,53.3165,40.1893,39.7231,3.06422,2.975,2.07706,2.5,0.115796,0,0.450932,-0.0104316,0.286516,0.258896
44,53.0688,52.8224,40.231,39.7998,3.07067,3,1.7843,2.5,0.0954471,0,1.20967,0.114885,0.350541,0.250997
44.1,52.897,52.5747,40.2672,39.8336,3.07573,3.0125,1.90411,2.5,0.0752621,0,1.34183,0.163998,0.351386,0.24247
44.2,52.7016,52.3266,40.3047,39.8642,3.08026,3.025,2.10252,2.5,0.0712601,0,1.12422,0.165629,0.330581,0.233338
44.3,52.4951,52.0781,40.3429,39.8917,3.08476,3.0375,1.80439,2.5,0.0511694,0,1.6643,0.21968,0.296658,0.223623
44.4,52.3108,52.0781,40.3712,39.8917,3.08695,3.0375,1.73253,2.5,0.0438351,0,2.10014,0.257457,0.319667,0.213348
44.5,52.1173,51.5802,40.4103,39.9375,3.09084,3.0625,2.19592,2.5,0.0615579,0,1.52623,0.196299,0.287641,0.202541
44.6,51.8725,51.3309,40.4458,39.9557,3.0963,3.075,2.762,2.5,0.0963277,0,0.387938,0.0884966,0.252535,0.191227
44.7,51.5899,51.0813,40.4768,39.9707,3.10505,3.0875,2.93622,2.5,0.102488,0,-0.302032,0.0862041,0.279249,0.179435
44.8,51.2937,50.8316,40.5014,39.9827,3.11648,3.1,3.02856,2.5,0.117659,0,-0.734365,0.053265,0.272578,0.167195
44.9,51.0226,50.8316,40.5143,39.9827,3.12708,3.1,2.83609,2.5,0.121965,0,-0.582166,0.00775217,0.287181,0.154536
45,50.7473,50.3318,40.5351,39.9972,3.14005,3.125,2.60919,2.5,0.158867,0,-0.0313756,-0.157427,0.291123,0.141492
45.1,50.4658,50.0819,40.5472,39.9998,3.15704,3.1375,2.79266,2.5,0.165792,0,-0.248475,-0.167511,0.318784,0.128094
45.2,50.1756,49.8319,40.5563,40,3.17357,3.14159,2.86798,2.5,0.154876,0,-0.323799,-0.161624,0.319692,0.114375
45.3,49.8936,49.5819,40.5491,40,3.18897,3.14159,2.96417,2.5,0.12901,0,-0.497671,-0.168852,0.234994,0.100371
45.4,49.6096,49.5819,40.5395,40,3.20344,3.14159,3.05129,2.5,0.154135,0,-1.08454,-0.303758,0.22369,0.0861158
45.5,49.3207,49.0819,40.5232,40,3.21642,3.14159,2.69784,2.5,0.0881796,0,-0.275217,-0.128997,0.24923,0.0716454
45.6,49.0308,48.8319,40.5046,40,3.22523,3.14159,3.026,2.5,0.0865192,0,-1.06679,-0.190849,0.195598,0.056996
45.7,48.7455,48.5819,40.4811,40,3.23528,3.14159,2.67339,2.5,0.106742,0,-0.741412,-0.312986,0.11588,0.0422041
45.8,48.4849,48.3319,40.4579,40,3.24533,3.14159,2.55347,2.5,0.106242,0,-0.463467,-0.339825,0.106941,0.0273067
45.9,48.2193,48.3319,40.4312,40,3.25417,3.14159,2.64643,2.5,0.089015,0,-0.531066,-0.345018,0.114768,0.0123411
46,47.9806,47.8319,40.4023,40,3.26064,3.14159,2.42287,2.5,0.0625668,0,-0.179008,-0.30417,0.108925,-0.00265539
46.1,47.7487,47.5819,40.3665,40,3.26654,3.14159,2.44408,2.5,0.0668543,0,-0.0713917,-0.366773,0.0875219,-0.0176452
46.2,47.5048,47.3319,40.3292,40,3.26965,3.14159,2.48035,2.5,0.0219633,0,-0.0836091,-0.267402,0.0646849,-0.032591
46.3,47.2552,47.0819,40.296,40,3.26981,3.14159,2.49919,2.5,-0.0235057,0,-0.119744,-0.174372,0.0611423,-0.0474553
46.4,46.9878,47.0819,40.2532,40,3.2681,3.14159,2.70366,2.5,-0.0385054,0,-0.478171,-0.189721,-0.0259408,-0.0622009
46.5,46.7242,46.5819,40.2152,40,3.26322,3.14159,2.51435,2.5,-0.0681554,0,-0.301327,-0.123945,-0.0376528,-0.0767911
46.6,46.4901,46.3319,40.1813,40,3.25703,3.14159,2.25128,2.5,-0.081646,0,0.20369,-0.0900767,-0.0593608,-0.0911894
46.7,46.2492,46.0819,40.1481,40,3.25034,3.14159,2.37309,2.5,-0.0982228,0,0.118573,-0.00227176,-0.0217663,-0.10536
46.8,46.0258,45.8319,40.1144,40,3.24245,3.14159,2.30632,2.5,-0.112381,0,0.221664,0.0167017,-0.0486488,-0.119267
46.9,45.7995,45.8319,40.0853,40,3.23221,3.14159,2.29514,2.5,-0.12809,0,0.190917,0.0868958,-0.0474082,-0.132876
47,45.5739,45.3319,40.0552,40,3.22392,3.14159,2.25512,2.5,-0.0563665,0,0.456043,-0.0970982,-0.0418161,-0.146152
47.1,45.3566,45.0819,40.0211,40,3.21671,3.14159,2.14002,2.5,-0.109195,0,0.457048,0.0784418,-0.0118664,-0.159064
47.2,45.1433,44.8319,39.9945,40,3.20938,3.14159,2.04663,2.5,-0.112856,0,1.02592,0.0609558,-0.0125499,-0.171578
47.3,44.9243,44.5819,39.9649,40,3.20026,3.14159,2.28921,2.5,-0.0935421,0,0.801604,0.0365829,-0.0654367,-0.183663
47.4,44.6957,44.5819,39.9287,40,3.19281,3.14159,2.297,2.5,-0.0817174,0,0.761767,0.0378879,-0.0591281,-0.195289
47.5,44.4633,44.0819,39.8975,40,3.18649,3.14159,2.42512,2.5,-0.0537669,0,0.530592,-0.0377275,-0.0136238,-0.206427
47.6,44.2067,43.8319,39.8617,40,3.18158,3.14159,2.7706,2.5,-0.0546277,0,-0.28451,-0.0379524,-0.110558,-0.217048
47.7,43.9533,43.5819,39.8297,40,3.17715,3.14159,2.57892,2.5,-0.0318049,0,-0.0483346,-0.11391,-0.116358,-0.227128
47.8,43.7156,43.3319,39.7908,40,3.17551,3.14159,2.29285,2.5,-0.0224283,0,0.510421,-0.136922,-0.096765,-0.236639
47.9,43.4735,43.3319,39.7555,40,3.17263,3.14159,2.37458,2.5,-0.0382429,0,0.620456,-0.0835302,-0.0982006,-0.24556
48,43.2454,42.8319,39.7298,40,3.16758,3.14159,2.13015,2.5,-0.0825487,0,1.08371,0.0131537,-0.131065,-0.253866
48.1,43.0306,42.5819,39.6919,40,3.16278,3.14159,2.19026,2.5,-0.0466796,0,1.19516,-0.109341,-0.185114,-0.261538
48.2,42.792,42.3319,39.6616,40,3.15786,3.14159,2.33895,2.5,-0.0635367,0,1.00722,-0.0858341,-0.255972,-0.268556
48.3,42.5331,42.0819,39.6347,40,3.15184,3.14159,2.82016,2.5,-0.0892671,0,-0.261471,0.0279578,-0.247503,-0.274903
48.4,42.2508,42.0819,39.5966,40,3.14602,3.14159,2.97738,2.5,-0.0487629,0,-0.58624,-0.0880357,-0.207506,-0.280563
48.5,41.9757,41.5819,39.5616,40,3.14131,3.14159,2.50585,2.5,-0.0459331,0,0.0600905,-0.111206,-0.253893,-0.285522
48.6,41.7181,41.3319,39.5322,40,3.13724,3.14159,2.36493,2.5,-0.0531104,0,0.50396,-0.0875808,-0.242822,-0.289766
48.7,41.473,41.0819,39.5147,40,3.13396,3.14159,2.52795,2.5,-0.0395444,0,0.331848,-0.153291,-0.294847,-0.293287
48.8,41.2156,40.8319,39.4955,40,3.12965,3.14159,2.46876,2.5,-0.0165405,0,0.408346,-0.208588,-0.295098,-0.296075
48.9,40.9712,40.8319,39.4684,40,3.12912,3.14159,2.58086,2.5,0.0101232,0,0.237648,-0.266003,-0.26458,-0.298122
49,40.7111,40.3319,39.4351,40,3.12925,3.14159,2.76419,2.5,-0.00987543,0,-0.177098,-0.230158,-0.276839,-0.299425
49.1,40.4579,40.0819,39.4029,40,3.12897,3.14159,2.7078,2.5,0.0119365,0,-0.232805,-0.3174,-0.305266,-0.299979
49.2,40.1936,39.8319,39.3798,40,3.13003,3.14159,2.56287,2.5,-0.00682322,0,-0.00998256,-0.28587,-0.299472,-0.299783
49.3,39.9245,39.5819,39.3443,40,3.12652,3.14159,2.82952,2.5,-0.081882,0,-0.422826,-0.0808238,-0.280667,-0.298838
49.4,39.645,39.5819,39.3237,40,3.11883,3.14159,2.89987,2.5,-0.0896285,0,-0.721289,-0.0500743,-0.282921,-0.297146
49.5,39.3472,39.0819,39.2984,40,3.11078,3.14159,2.79525,2.5,-0.0825208,0,-0.683523,-0.0658599,-0.280361,-0.294711
49.6,39.0765,38.8319,39.2822,40,3.1026,3.14159,2.55703,2.5,-0.0806214,0,-0.310064,-0.0655482,-0.291778,-0.29154
49.7,38.821,38.5819,39.2668,40,3.09416,3.14159,2.47091,2.5,-0.108537,0,0.0464979,0.112822,-0.297919,-0.287639
49.8,38.6005,38.3319,39.237,40,3.08638,3.14159,2.13813,2.5,-0.12228,0,0.383197,0.115957,-0.295203,-0.28302
49.9,38.3966,38.3319,39.2235,40,3.07983,3.14159,1.97,2.5,-0.0586905,0,1.14553,-0.100969,-0.301952,-0.277694
50,38.2036,37.8319,39.2113,40,3.07658,3.14159,1.89376,2.5,-0.0691908,0,1.5703,-0.0449797,-0.337217,-0.271674
50.1,38.0069,37.5819,39.1978,40,3.0721,3.14159,2.14861,2.5,-0.0754679,0,1.36102,-0.00751611,-0.268598,-0.264974
50.2,37.7869,37.3319,39.1792,40,3.06752,3.14159,2.31025,2.5,-0.0669246,0,1.06446,-0.010441,-0.284998,-0.257612
50.3,37.547,37.0819,39.1693,40,3.06273,3.14159,2.53806,2.5,-0.0382157,0,0.610016,-0.0570795,-0.236043,-0.249606
50.4,37.2954,37.0819,39.1629,40,3.05716,3.14159,2.27963,2.5,-0.0744874,0,0.875513,0.0322926,-0.269151,-0.240977
50.5,37.0667,36.5819,39.162,40,3.05151,3.14159,2.63023,2.5,-0.0778147,0,-0.088424,0.0847608,-0.265942,-0.231745
50.6,36.8016,36.3319,39.1633,40,3.04474,3.14159,2.52405,2.5,-0.0729304,0,0.0718253,0.0904999,-0.262196,-0.221934
50.7,36.5573,36.0819,39.1726,40,3.03884,3.14159,2.53242,2.5,-0.0994025,0,0.0751923,0.164118,-0.267987,-0.211568
50.8,36.3039,35.8319,39.1732,40,3.02978,3.14159,2.51934,2.5,-0.10325,0,0.29301,0.184481,-0.243538,-0.200673
50.9,36.052,35.8319,39.1872,40,3.02054,3.14159,2.57071,2.5,-0.101643,0,0.284251,0.230148,-0.231997,-0.189277
51,35.7776,35.3319,39.2084,40,3.01105,3.14159,2.64861,2.5,-0.0970216,0,0.167168,0.282758,-0.17975,-0.177407
51.1,35.5198,35.0819,39.2314,40,3.00453,3.14159,2.56476,2.5,-0.0675704,0,0.238039,0.217552,-0.208419,-0.165094
51.2,35.2722,34.8319,39.2588,40,2.99963,3.14159,2.46287,2.5,-0.0305191,0,0.412297,0.109781,-0.255656,-0.152369
51.3,35.0446,34.5819,39.2792,40,2.99824,3.14159,2.20038,2.5,-0.012833,0,0.960401,0.0874348,-0.271245,-0.139263
51.4,34.8199,34.3319,39.3059,40,2.9974,3.14159,2.56891,2.5,-0.0204893,0,0.502427,0.112909,-0.238528,-0.125808
51.5,34.5607,34.0819,39.3311,40,2.99595,3.14159,2.72395,2.5,-0.00308721,0,-0.0635459,0.109719,-0.220751,-0.112039
51.6,34.2954,33.8319,39.3601,40,2.99697,3.14159,2.5804,2.5,0.0108898,0,0.125888,0.0855964,-0.195498,-0.0979905
51.7,34.0527,33.5819,39.3867,40,2.99626,3.14159,2.38697,2.5,0.011062,0,0.528521,0.100705,-0.175106,-0.0836967
51.8,33.8221,33.3319,39.4166,40,2.99829,3.14159,2.58532,2.5,0.0611385,0,0.182876,-0.0172155,-0.167754,-0.0691937
51.9,33.5605,33.0819,39.449,40,3.0023,3.14159,2.69998,2.5,0.0337022,0,-0.0417543,0.071867,-0.170756,-0.0545178
52,33.2662,32.8319,39.4927,40,3.00601,3.14159,3.13536,2.5,0.0200454,0,-0.834817,0.110422,-0.144705,-0.0397055
52.1,32.9559,32.5819,39.5311,40,3.01007,3.14159,3.1614,2.5,0.0547029,0,-1.21166,0.000644818,-0.125361,-0.0247941
52.2,32.6752,32.3319,39.5677,40,3.01578,3.14159,2.52175,2.5,0.0601752,0,-0.30649,0.00726858,-0.125542,-0.00982061
52.3,32.4368,32.0819,39.5933,40,3.02115,3.14159,2.07874,2.5,0.0720174,0,0.78913,-0.0371916,-0.106443,0.00517737
52.4,32.2265,31.8319,39.6151,40,3.02537,3.14159,2.1994,2.5,0.066746,0,0.935337,-0.00388467,-0.077685,0.0201624
52.5,31.9983,31.5819,39.6408,40,3.02893,3.14159,2.35687,2.5,0.0335165,0,0.769528,0.0922446,-0.0447817,0.0350971
52.6,31.7667,31.3319,39.6601,40,3.0315,3.14159,2.29868,2.5,0.0314743,0,0.852792,0.0743372,-0.0539815,0.049944
52.7,31.5301,31.0819,39.6825,40,3.03561,3.14159,2.46183,2.5,0.0612218,0,0.605654,0.0329793,-0.00214323,0.0646661
52.8,31.2759,30.8319,39.7262,40,3.03871,3.14159,2.60989,2.5,0.0245,0,0.21827,0.129242,-0.0206404,0.0792266
52.9,31.0111,30.5819,39.7567,40,3.04275,3.14159,2.67092,2.5,0.0428918,0,-0.0189212,0.109545,0.0545502,0.093589
53,30.728,30.3319,39.7855,40,3.04617,3.14159,2.84452,2.5,0.0466485,0,-0.397073,0.132135,0.128786,0.107718
53.1,30.4421,30.0819,39.8198,40,3.05028,3.14159,2.8863,2.5,0.0543967,0,-0.565539,0.0867475,0.0681126,0.121577
53.2,30.1657,29.8319,39.8538,40,3.05657,3.14159,2.57082,2.5,0.0753443,0,-0.0513372,0.0106618,0.00542021,0.135132
53.3,29.9052,29.5819,39.8881,40,3.06284,3.14159,2.5408,2.5,0.0332812,0,0.0126967,0.110795,0.0100946,0.14835
53.4,29.6608,29.3319,39.9269,40,3.06516,3.14159,2.52124,2.5,0.00133273,0,0.0449055,0.202013,0.00930287,0.161197
53.5,29.4147,29.0819,39.9589,40,3.0673,3.14159,2.34602,2.5,0.0284484,0,0.366446,0.148417,0.0710686,0.173641
53.6,29.1632,28.8319,39.9924,40,3.07343,3.14159,2.58437,2.5,0.0906913,0,-0.0638811,-0.0393616,0.0839729,0.185651
53.7,28.9105,28.5819,40.0282,40,3.08028,3.14159,2.61654,2.5,0.0678198,0,-0.113831,0.0348368,0.0501169,0.197196
53.8,28.6259,28.3319,40.0657,40,3.08678,3.14159,3.02062,2.5,0.0600441,0,-0.87239,0.0571284,0.0669765,0.208249
53.9,28.3324,28.0819,40.095,40,3.0919,3.14159,2.96498,2.5,0.0496143,0,-1.01625,0.0842795,0.0834785,0.218782
54,28.0326,27.8319,40.1262,40,3.09657,3.14159,2.98915,2.5,0.0311187,0,-1.19542,0.120408,0.0811565,0.228768
54.1,27.7375,27.5819,40.1615,40,3.10174,3.14159,3.081,2.5,0.064169,0,-1.45945,0.0504072,0.097189,0.238181
54.2,27.437,27.3319,40.1921,40,3.10925,3.14159,2.79608,2.5,0.0740973,0,-1.09799,0.00737975,0.110215,0.247
54.3,27.1738,27.0819,40.2173,40,3.11512,3.14159,2.48536,2.5,0.0335031,0,-0.49618,0.09795,0.101247,0.255201
54.4,26.9296,26.8319,40.2419,40,3.11905,3.14159,2.4329,2.5,0.0572638,0,-0.0358321,0.00402469,0.0986408,0.262764
54.5,26.6804,26.5819,40.2691,40,3.12379,3.14159,2.64732,2.5,0.0622965,0,-0.455882,0.041174,0.167804,0.269671
54.6,26.4252,26.3319,40.3008,40,3.12996,3.14159,2.41417,2.5,0.0834976,0,0.0506117,-0.0601149,0.17826,0.275903
54.7,26.1969,26.0819,40.3227,40,3.13552,3.14159,2.27567,2.5,0.0635221,0,0.229641,0.00703536,0.171447,0.281446
54.8,25.9651,25.8319,40.3517,40,3.14151,3.14159,2.46016,2.5,0.0814322,0,-0.010232,-0.063966,0.146165,0.286286
54.9,25.7357,25.5819,40.3792,40,3.14724,3.14159,2.34468,2.5,0.0607707,0,0.15871,-0.00686259,0.11188,0.290409
55,25.487,25.3319,40.4027,40,3.15222,3.14159,2.69757,2.5,0.0487772,0,-0.411888,0.0107033,0.110345,0.293807
55.1,25.2235,25.0819,40.4322,40,3.1561,3.14159,2.48828,2.5,0.039971,0,-0.10406,-7.32524e-05,0.123742,0.296471
55.2,25.0034,24.8319,40.462,40,3.15737,3.14159,2.14425,2.5,0.0179346,0,0.487226,0.0969959,0.138216,0.298393
55.3,24.7689,24.5819,40.4918,40,3.15891,3.14159,2.4102,2.5,0.0418318,0,0.110937,-0.00405816,0.161633,0.29957
55.4,24.5559,24.3319,40.5206,40,3.16349,3.14159,1.8269,2.5,0.045384,0,1.18426,0.0435236,0.211873,0.299998
55.5,24.3573,24.0819,40.5529,40,3.16531,3.14159,2.11188,2.5,0.0227802,0,1.07045,0.117316,0.25582,0.299676
55.6,24.1407,23.8319,40.5755,40,3.16851,3.14159,2.22343,2.5,0.0293228,0,0.898253,0.141308,0.320089,0.298605
55.7,23.9139,23.5819,40.6059,40,3.17096,3.14159,2.24179,2.5,0.025491,0,0.83495,0.140783,0.296122,0.296788
55.8,23.6864,23.3319,40.6335,40,3.17122,3.14159,2.24192,2.5,0.00280718,0,0.849164,0.232653,0.334377,0.294229
55.9,23.4482,23.0819,40.6513,40,3.17167,3.14159,2.51952,2.5,0.0333374,0,0.377909,0.154846,0.349529,0.290934
56,23.1985,22.8319,40.6772,40,3.17577,3.14159,2.53364,2.5,0.0539459,0,0.212231,0.11564,0.35379,0.286913
56.1,22.963,22.5819,40.6987,40,3.18051,3.14159,2.37864,2.5,0.0456682,0,0.39877,0.148652,0.383162,0.282174
56.2,22.7277,22.3319,40.712,40,3.18481,3.14159,2.38728,2.5,0.0836705,0,0.478508,0.051049,0.368996,0.27673
56.3,22.4985,22.0819,40.7279,40,3.19331,3.14159,2.28538,2.5,0.117066,0,0.240878,-0.125093,0.362415,0.270594
56.4,22.2541,21.8319,40.7425,40,3.20307,3.14159,2.25715,2.5,0.115622,0,0.306186,-0.0997486,0.392772,0.263782
56.5,22.0104,21.5819,40.7492,40,3.21538,3.14159,2.50112,2.5,0.140584,0,0.0800433,-0.200827,0.285904,0.25631
56.6,21.7699,21.3319,40.7572,40,3.2279,3.14159,2.41675,2.5,0.1456,0,0.464733,-0.228597,0.301279,0.248198
56.7,21.4998,21.0819,40.7569,40,3.24096,3.14159,3.10499,2.5,0.107023,0,-0.627567,-0.179237,0.288655,0.239466
56.8,21.211,20.8319,40.7493,40,3.25086,3.14159,2.99229,2.5,0.0723721,0,-0.537653,-0.128354,0.297292,0.230135
56.9,20.9171,20.5819,40.7396,40,3.25616,3.14159,2.98497,2.5,0.0558728,0,-0.577921,-0.123484,0.291292,0.220229
57,20.6144,20.3319,40.7261,40,3.26021,3.14159,3.03318,2.5,0.0410066,0,-1.04477,-0.089972,0.241137,0.209772
57.1,20.3069,20.0819,40.7129,40,3.26388,3.14159,3.01933,2.5,0.0451155,0,-1.25614,-0.110279,0.271768,0.198791
57.2,19.9846,19.8319,40.6981,40,3.26831,3.14159,3.15766,2.5,0.0188535,0,-1.64838,-0.0858414,0.261202,0.187313
57.3,19.6794,19.5819,40.6762,40,3.27052,3.14159,2.82107,2.5,0.0314891,0,-1.26986,-0.159184,0.237252,0.175367
57.4,19.4036,19.3319,40.6615,40,3.27364,3.14159,2.89482,2.5,0.0390048,0,-1.3289,-0.170937,0.216332,0.162983
57.5,19.1227,19.0819,40.6459,40,3.27756,3.14159,2.88819,2.5,0.0404686,0,-1.39958,-0.201209,0.218208,0.150191
57.6,18.8479,18.8319,40.6247,40,3.28101,3.14159,2.73031,2.5,0.0315503,0,-1.15979,-0.179367,0.243548,0.137024
57.7,18.5937,18.5819,40.6073,40,3.2856,3.14159,2.56661,2.5,0.062698,0,-0.807158,-0.268897,0.231111,0.123514
57.8,18.35,18.3319,40.5862,40,3.29022,3.14159,2.29352,2.5,0.0158127,0,-0.0184409,-0.198617,0.167528,0.109696
57.9,18.1178,18.0819,40.5601,40,3.29198,3.14159,2.63836,2.5,0.0207041,0,-0.588113,-0.23443,0.20353,0.0956032
58,17.8566,17.8319,40.5163,40,3.29355,3.14159,2.62146,2.5,-0.00261248,0,-0.732096,-0.206843,0.178923,0.0812717
58.1,17.5927,17.5819,40.4801,40,3.29117,3.14159,2.59176,2.5,-0.0497026,0,-0.764527,-0.0970502,0.14316,0.0667371
58.2,17.3482,17.3319,40.4559,40,3.28775,3.14159,2.39411,2.5,-0.0105433,0,-0.408375,-0.193474,0.152244,0.0520356
58.3,17.099,17.0819,40.4273,40,3.28775,3.14159,2.57787,2.5,-0.000910996,0,-0.633255,-0.258898,0.10489,0.0372041
58.4,16.8427,16.8319,40.3868,40,3.28761,3.14159,2.49518,2.5,-0.0179742,0,-0.587037,-0.25919,0.0499872,0.0222796
58.5,16.5998,16.5819,40.3555,40,3.28709,3.14159,2.53222,2.5,0.00468081,0,-0.663586,-0.30829,0.0974019,0.00729944
58.6,16.3559,16.3319,40.3191,40,3.28832,3.14159,2.42248,2.5,0.00767556,0,-0.496838,-0.33052,0.0752766,-0.00769899
58.7,16.123,16.0819,40.2764,40,3.28799,3.14159,2.28242,2.5,-0.00580813,0,-0.0659693,-0.299944,0.0748735,-0.0226782
58.8,15.8812,15.8319,40.2391,40,3.28673,3.14159,2.58862,2.5,-0.0390628,0,-0.533812,-0.273291,-0.0011226,-0.0376007
58.9,15.6163,15.5819,40.2064,40,3.28215,3.14159,2.67853,2.5,-0.0424019,0,-0.840222,-0.260544,0.0260629,-0.0524292
59,15.3728,15.3319,40.1683,40,3.27883,3.14159,2.4488,2.5,-0.0454893,0,-0.550737,-0.256833,0.0296743,-0.0671267
59.1,15.1348,15.0819,40.1292,40,3.27565,3.14159,2.38977,2.5,-0.047163,0,-0.336453,-0.243207,0.0606543,-0.0816564
59.2,14.8993,14.8319,40.0922,40,3.26925,3.14159,2.52655,2.5,-0.109379,0,-0.524872,-0.0814053,0.0686122,-0.095982
59.3,14.6624,14.5819,40.0505,40,3.25979,3.14159,2.20326,2.5,-0.12892,0,0.00426036,-0.02045,0.0568252,-0.110068
59.4,14.4407,14.3319,40.0134,40,3.24956,3.14159,2.04604,2.5,-0.14782,0,0.429594,0.0678756,0.0344686,-0.123878
59.5,14.2368,14.0819,39.9907,40,3.23845,3.14159,2.28983,2.5,-0.15223,0,0.12921,0.103585,-0.00423825,-0.137379
59.6,14.0036,13.8319,39.9523,40,3.22938,3.14159,2.22468,2.5,-0.0976016,0,0.300616,-0.0971948,-0.0525122,-0.150537
59.7,13.761,13.5819,39.9174,40,3.22168,3.14159,2.49432,2.5,-0.116388,0,-0.0846622,0.033498,-0.0260817,-0.163318
59.8,13.5222,13.3319,39.8815,40,3.21484,3.14159,2.08921,2.5,-0.0556667,0,0.50848,-0.144539,-0.00398765,-0.175691
59.9,13.2964,13.0819,39.8447,40,3.21018,3.14159,2.44274,2.5,-0.0752732,0,0.104489,-0.0682005,0.0123628,-0.187625
60,13.0589,12.8319,39.8142,40,3.20574,3.14159,2.23899,2.5,-0.0519261,0,0.373504,-0.126206,0.00582044,-0.19909
60.1,12.834,12.5819,39.7806,40,3.2019,3.14159,2.36544,2.5,-0.0500702,0,0.236309,-0.125891,0.00262422,-0.210058
60.2,12.5783,12.3319,39.7388,40,3.19484,3.14159,2.97889,2.5,-0.0764804,0,-0.847248,-0.0264835,0.00355702,-0.2205
60.3,12.2922,12.0819,39.694,40,3.18588,3.14159,2.9843,2.5,-0.101262,0,-1.23966,0.0105532,-0.0836993,-0.230391
60.4,11.9968,11.8319,39.6703,40,3.17439,3.14159,2.72672,2.5,-0.136416,0,-0.293079,0.156765,-0.0202791,-0.239706
60.5,11.701,11.5819,39.6371,40,3.16151,3.14159,3.11374,2.5,-0.145798,0,-1.35652,0.184764,-0.0770088,-0.248423
60.6,11.3711,11.3319,39.6105,40,3.14442,3.14159,3.34186,2.5,-0.153203,0,-2.19412,0.223031,-0.13143,-0.256518
60.7,11.0531,11.0819,39.5881,40,3.12842,3.14159,3.39494,2.5,-0.118782,0,-2.66542,0.158576,-0.186926,-0.263972
60.8,10.7249,10.8319,39.5754,40,3.11633,3.14159,3.05385,2.5,-0.0899113,0,-2.32213,0.113745,-0.187865,-0.270766
60.9,10.4652,10.5819,39.5582,40,3.10952,3.14159,2.29064,2.5,-0.0681908,0,-0.94515,0.075668,-0.153537,-0.276884
61,10.2338,10.3319,39.5401,40,3.10439,3.14159,2.50686,2.5,-0.0821631,0,-0.887042,0.131211,-0.159801,-0.282309
61.1,9.99198,10.0819,39.5274,40,3.09799,3.14159,2.42646,2.5,-0.0642745,0,-0.718926,0.0773746,-0.189273,-0.287029
61.2,9.74744,9.83185,39.5142,40,3.09137,3.14159,2.22524,2.5,-0.0754371,0,0.0715119,0.127901,-0.19743,-0.291032
61.3,9.54908,9.58185,39.4878,40,3.08699,3.14159,2.01598,2.5,-0.062058,0,0.379373,0.113598,-0.172217,-0.294307
61.4,9.3412,9.33185,39.4681,40,3.08335,3.14159,2.33638,2.5,-0.0354601,0,-0.0954606,0.0484494,-0.191235,-0.296846
61.5,9.12773,9.08185,39.4551,40,3.07962,3.14159,2.01931,2.5,-0.0492025,0,0.405221,0.071738,-0.266553,-0.298644
61.6,8.92983,8.83185,39.4464,40,3.07671,3.14159,1.86951,2.5,-0.0514122,0,0.705576,0.0589711,-0.265764,-0.299695
61.7,8.7393,8.58185,39.4254,40,3.07309,3.14159,2.0489,2.5,-0.0481912,0,0.498861,0.0979898,-0.199557,-0.299996
61.8,8.53789,8.33185,39.4024,40,3.07014,3.14159,1.97463,2.5,-0.0342472,0,0.869275,0.0706684,-0.205198,-0.299549
61.9,8.34054,8.08185,39.3832,40,3.06865,3.14159,2.08511,2.5,-0.040653,0,0.863783,0.0883511,-0.187828,-0.298352
62,8.1055,7.83185,39.3689,40,3.06625,3.14159,2.67987,2.5,-0.0244615,0,-0.140959,0.0535299,-0.227132,-0.296409
62.1,7.86818,7.58185,39.3565,40,3.06512,3.14159,2.2737,2.5,-0.0207881,0,0.344611,0.0109624,-0.269568,-0.293726
62.2,7.65666,7.33185,39.3465,40,3.06297,3.14159,2.08506,2.5,-0.0445291,0,0.859101,0.0354509,-0.339466,-0.290309
62.3,7.4601,7.08185,39.3375,40,3.05969,3.14159,2.049,2.5,-0.0616156,0,1.16316,0.0624821,-0.380015,-0.286166
62.4,7.27415,6.83185,39.3206,40,3.05625,3.14159,1.78797,2.5,-0.0477532,0,1.80039,0.0339446,-0.36035,-0.281308
62.5,7.08434,6.58185,39.3045,40,3.05418,3.14159,2.06203,2.5,-0.0390241,0,1.64894,0.0177285,-0.342193,-0.275746
62.6,6.85375,6.33185,39.301,40,3.05245,3.14159,2.42522,2.5,-0.00741767,0,0.992098,-0.0544183,-0.339218,-0.269495
62.7,6.62306,6.08185,39.2988,40,3.05112,3.14159,2.17005,2.5,-0.0409951,0,1.28108,0.00912412,-0.346688,-0.262571
62.8,6.40712,5.83185,39.283,40,3.04708,3.14159,2.30335,2.5,-0.0705656,0,1.19072,0.106593,-0.358603,-0.254991
62.9,6.15955,5.58185,39.2778,40,3.04022,3.14159,2.49244,2.5,-0.0957901,0,0.861266,0.207122,-0.346432,-0.246773
63,5.92371,5.33185,39.2832,40,3.03222,3.14159,2.38428,2.5,-0.100087,0,0.93948,0.200211,-0.378967,-0.237938
63.1,5.66452,5.08185,39.2929,40,3.02273,3.14159,2.55705,2.5,-0.117095,0,0.638784,0.282587,-0.364222,-0.228509
63.2,5.39689,4.83185,39.2972,40,3.01121,3.14159,2.48675,2.5,-0.128821,0,0.673375,0.355037,-0.358407,-0.218508
63.3,5.15842,4.58185,39.3064,40,3.00034,3.14159,2.18542,2.5,-0.112717,0,1.23826,0.330073,-0.353068,-0.207962
63.4,4.92895,4.33185,39.3168,40,2.99204,3.14159,2.39416,2.5,-0.111681,0,1.05842,0.395768,-0.3144,-0.196895
63.5,4.70273,4.08185,39.3286,40,2.98451,3.14159,2.49961,2.5,-0.0441107,0,0.824121,0.233173,-0.325133,-0.185336
63.6,4.43212,3.83185,39.3499,40,2.98205,3.14159,2.60274,2.5,-0.0273819,0,0.577358,0.20803,-0.298987,-0.173315
63.7,4.16647,3.58185,39.3704,40,2.98007,3.14159,2.57603,2.5,-0.0206569,0,0.548893,0.194009,-0.306412,-0.160859
63.8,3.89499,3.33185,39.4022,40,2.97921,3.14159,2.80001,2.5,0.00163844,0,-0.0541706,0.170187,-0.271751,-0.148002
63.9,3.61298,3.08185,39.4329,40,2.98209,3.14159,2.88461,2.5,0.021729,0,-0.28588,0.133516,-0.270965,-0.134775
64,3.33455,2.83185,39.4578,40,2.98488,3.14159,2.63369,2.5,0.0568016,0,0.0863035,0.0380745,-0.219271,-0.121211
64.1,3.07421,2.83185,39.4838,40,2.98903,3.14159,2.40808,2.5,0.0650576,0,0.572428,0.0691503,-0.152319,-0.107344
64.2,2.81542,2.33185,39.5151,40,2.99444,3.14159,2.72293,2.5,0.0591113,0,0.0826837,0.0762172,-0.193756,-0.0932092
64.3,2.55122,2.33185,39.5474,40,3.00118,3.14159,2.64281,2.5,0.104056,0,-0.0304376,-0.063187,-0.188567,-0.078841
64.4,2.30466,1.83185,39.576,40,3.01023,3.14159,2.28359,2.5,0.106458,0,0.747831,-0.0635073,-0.163195,-0.0642758
64.5,2.06146,1.58185,39.598,40,3.01802,3.14159,2.64392,2.5,0.0979046,0,-0.0485162,-0.051226,-0.114192,-0.0495499
64.6,1.78764,1.58185,39.6334,40,3.02288,3.14159,2.66321,2.5,0.0354075,0,0.019684,0.0967319,-0.144489,-0.0347001
64.7,1.51843,1.08185,39.6633,40,3.02854,3.14159,2.71876,2.5,0.0533609,0,-0.109956,0.0546162,-0.104391,-0.0197636
64.8,1.24447,1.08185,39.6905,40,3.03375,3.14159,2.80329,2.5,0.0308054,0,-0.315705,0.114482,-0.0836071,-0.00477776
64.9,0.965946,0.581853,39.7202,40,3.03882,3.14159,2.64278,2.5,0.0556919,0,-0.0636101,0.0577444,-0.0200073,0.0102201
65,0.69334,0.331853,39.7548,40,3.04681,3.14159,2.86051,2.5,0.0969605,0,-0.328458,-0.0808787,-0.0475725,0.0251923
65.1,0.424475,0.331853,39.7834,40,3.05414,3.14159,2.74218,2.5,0.0734076,0,-0.305587,0.0183819,0.00283791,0.0401016
65.2,0.139292,-0.168147,39.8105,40,3.05999,3.14159,2.908,2.5,0.0504384,0,-0.696308,0.0620481,0.00576551,0.0549107
65.3,-0.134613,-0.168147,39.8402,40,3.06323,3.14159,2.74795,2.5,0.0239079,0,-0.569323,0.138167,0.0152478,0.0695825
65.4,-0.422059,-0.668147,39.8756,40,3.06599,3.14159,2.86497,2.5,0.0566228,0,-0.766974,0.0428707,0.0122964,0.0840805
65.5,-0.712511,-0.918147,39.899,40,3.07211,3.14159,2.91177,2.5,0.0786174,0,-0.957028,-0.021103,-0.00178682,0.0983682
65.6,-0.998324,-0.918147,39.9219,40,3.07878,3.14159,2.82151,2.5,0.0636374,0,-0.890562,0.0361891,0.0463216,0.11241
65.7,-1.26235,-1.41815,39.952,40,3.08468,3.14159,2.57586,2.5,0.0763185,0,-0.115054,-0.0381813,0.0440469,0.126171
65.8,-1.50953,-1.41815,39.9812,40,3.0908,3.14159,2.48344,2.5,0.0570398,0,-0.0944811,0.0264941,0.057437,0.139617
65.9,-1.75696,-1.91815,40.0087,40,3.09564,3.14159,2.68711,2.5,0.0567399,0,-0.513336,0.00998016,0.0375224,0.152713
66,-2.01567,-2.16815,40.0283,40,3.10296,3.14159,2.57702,2.5,0.0850342,0,-0.138284,-0.07357,0.0496994,0.165428
66.1,-2.26801,-2.16815,40.0628,40,3.11159,3.14159,2.46791,2.5,0.0847334,0,-0.030406,-0.0722419,0.0577419,0.177729
66.2,-2.48849,-2.66815,40.0841,40,3.11664,3.14159,2.0017,2.5,0.0586454,0,0.699339,-0.0237159,0.0487704,0.189587
66.3,-2.70395,-2.66815,40.1137,40,3.12131,3.14159,2.28112,2.5,0.0641389,0,0.228471,-0.0446977,0.0575945,0.20097
66.4,-2.93015,-3.16815,40.1348,40,3.12549,3.14159,2.01595,2.5,0.0572797,0,0.881894,-0.00951072,0.0634651,0.211851
66.5,-3.12507,-3.41815,40.1623,40,3.12866,3.14159,1.94462,2.5,0.0543158,0,1.28057,-0.0104375,0.0934057,0.222202
66.6,-3.32299,-3.41815,40.1948,40,3.13308,3.14159,1.89788,2.5,0.0885395,0,1.54267,-0.0986811,0.128189,0.231998
66.7,-3.53644,-3.91815,40.2204,40,3.14076,3.14159,2.28665,2.5,0.0905499,0,1.01099,-0.114426,0.125674,0.241215
66.8,-3.75464,-3.91815,40.2466,40,3.14675,3.14159,2.03763,2.5,0.0800352,0,1.31219,-0.0968503,0.137175,0.249828
66.9,-3.93883,-4.41815,40.2626,40,3.15285,3.14159,1.65762,2.5,0.0789292,0,2.15754,-0.11712,0.139641,0.257817
67,-4.11843,-4.66815,40.2891,40,3.1557,3.14159,1.83811,2.5,0.0398541,0,2.21851,-0.00889587,0.130656,0.265161
67.1,-4.31847,-4.66815,40.3188,40,3.15723,3.14159,2.25638,2.5,0.0331837,0,1.61394,0.0123873,0.156107,0.271843
67.2,-4.54972,-5.16815,40.3414,40,3.15906,3.14159,2.43075,2.5,0.00989243,0,1.18357,0.0773516,0.173292,0.277845
67.3,-4.8046,-5.16815,40.3656,40,3.16261,3.14159,2.69394,2.5,0.0500961,0,0.601642,-0.0483535,0.156934,0.283153
67.4,-5.07595,-5.66815,40.3863,40,3.16792,3.14159,2.51186,2.5,0.0442445,0,0.714258,-0.0247554,0.174303,0.287753
67.5,-5.33598,-5.91815,40.4003,40,3.17069,3.14159,2.85544,2.5,0.0204691,0,-0.093299,0.0305185,0.180021,0.291634
67.6,-5.6165,-5.91815,40.426,40,3.17236,3.14159,3.0232,2.5,0.0380659,0,-0.462813,-0.0349676,0.18643,0.294785
67.7,-5.91403,-6.41815,40.4434,40,3.17565,3.14159,2.98031,2.5,0.0375739,0,-0.448017,-0.0103242,0.221504,0.2972
67.8,-6.21116,-6.41815,40.4582,40,3.17771,3.14159,2.8084,2.5,0.0295437,0,-0.254983,-0.000466785,0.1983,0.298873
67.9,-6.50921,-6.91815,40.4826,40,3.179,3.14159,3.05517,2.5,0.00853587,0,-0.782655,0.0676633,0.198452,0.299798
68,-6.79796,-7.16815,40.5088,40,3.18069,3.14159,3.02919,2.5,0.0460342,0,-1.00861,-0.0366597,0.212942,0.299974
68.1,-7.09696,-7.16815,40.5274,40,3.18342,3.14159,2.86424,2.5,0.0127806,0,-0.876828,0.0832235,0.241012,0.2994
68.2,-7.37074,-7.66815,40.5475,40,3.18388,3.14159,2.58836,2.5,-0.00686021,0,-0.40994,0.122318,0.24931,0.298077
68.3,-7.62093,-7.66815,40.5653,40,3.18699,3.14159,2.72956,2.5,0.0823999,0,-0.274345,-0.148378,0.234562,0.29601
68.4,-7.90887,-8.16815,40.5715,40,3.19525,3.14159,2.82813,2.5,0.10496,0,-0.400684,-0.177813,0.240063,0.293203
68.5,-8.19479,-8.41815,40.5788,40,3.20717,3.14159,2.90797,2.5,0.106514,0,-0.899076,-0.222089,0.245944,0.289663
68.6,-8.48653,-8.66815,40.5782,40,3.21484,3.14159,2.63573,2.5,0.0594331,0,-0.296118,-0.084837,0.321389,0.285399
68.7,-8.74321,-8.91815,40.586,40,3.22047,3.14159,2.3809,2.5,0.0476453,0,0.101909,-0.102922,0.281418,0.280421
68.8,-8.99398,-8.91815,40.5917,40,3.22487,3.14159,2.5073,2.5,0.0616684,0,-0.0729964,-0.149765,0.224491,0.274743
68.9,-9.23776,-9.41815,40.6003,40,3.2281,3.14159,2.23283,2.5,0.0350386,0,0.377237,-0.089911,0.234029,0.268378
69,-9.45871,-9.66815,40.6113,40,3.22993,3.14159,2.31662,2.5,0.0175273,0,0.272432,-0.0369738,0.249146,0.261342
69.1,-9.70394,-9.91815,40.6132,40,3.23133,3.14159,2.43369,2.5,0.037433,0,0.0968345,-0.120788,0.242173,0.253653
69.2,-9.9671,-10.1681,40.615,40,3.23434,3.14159,2.7321,2.5,0.0149146,0,-0.420542,-0.0448239,0.27015,0.24533
69.3,-10.2392,-10.1681,40.6074,40,3.23261,3.14159,2.632,2.5,-0.0252701,0,-0.429686,0.0333955,0.2351,0.236394
69.4,-10.5152,-10.6681,40.5977,40,3.22938,3.14159,2.95509,2.5,-0.0504163,0,-1.0804,0.131422,0.262832,0.226866
69.5,-10.7978,-10.9181,40.5939,40,3.22495,3.14159,2.76122,2.5,-0.0240637,0,-0.98515,0.0850572,0.31089,0.216772
69.6,-11.0661,-11.1681,40.5925,40,3.22296,3.14159,2.76238,2.5,-0.018795,0,-0.987156,0.102103,0.327754,0.206136
69.7,-11.3583,-11.4181,40.5851,40,3.22124,3.14159,3.07385,2.5,-0.0166465,0,-1.5587,0.0704827,0.25711,0.194985
69.8,-11.6453,-11.4181,40.5825,40,3.21929,3.14159,2.62739,2.5,-0.00682636,0,-1.01448,0.095135,0.28635,0.183347
69.9,-11.9218,-11.9181,40.5841,40,3.2203,3.14159,2.60033,2.5,0.0245607,0,-0.815771,-0.0155066,0.225576,0.17125
70,-12.1646,-12.1681,40.5762,40,3.22196,3.14159,2.44919,2.5,-0.00490023,0,-0.452565,0.0389181,0.257464,0.158725
70.1,-12.3806,-12.4181,40.5745,40,3.22353,3.14159,1.98101,2.5,0.0215819,0,0.551027,-0.0346832,0.22913,0.145803
70.2,-12.5922,-12.6681,40.5717,40,3.22513,3.14159,2.12109,2.5,0.033071,0,0.375439,-0.0426572,0.280113,0.132517
70.3,-12.8162,-12.6681,40.5659,40,3.22757,3.14159,2.34745,2.5,-0.0096444,0,0.137481,0.101544,0.302376,0.1189
70.4,-13.0415,-13.1681,40.5523,40,3.22743,3.14159,2.18472,2.5,-0.00928392,0,0.42255,0.0412018,0.238985,0.104985
70.5,-13.2826,-13.4181,40.5377,40,3.22419,3.14159,2.6715,2.5,-0.0743707,0,-0.286844,0.215667,0.179771,0.0908085
70.6,-13.5341,-13.6681,40.5277,40,3.21909,3.14159,2.5473,2.5,-0.0342801,0,-0.299587,0.0886561,0.119244,0.0764047
70.7,-13.8032,-13.9181,40.5189,40,3.21623,3.14159,2.68824,2.5,-0.0280577,0,-0.574675,0.0446319,0.0694048,0.0618099
70.8,-14.0888,-13.9181,40.5093,40,3.21413,3.14159,2.80556,2.5,-0.0528098,0,-0.883088,0.10322,0.0193461,0.0470606
70.9,-14.3476,-14.4181,40.5041,40,3.20971,3.14159,2.37536,2.5,-0.0374264,0,-0.133407,0.104762,0.0893923,0.0321936
71,-14.5829,-14.6681,40.4946,40,3.20636,3.14159,2.28964,2.5,-0.0422212,0,0.161885,0.11577,0.116049,0.0172462
71.1,-14.8193,-14.9181,40.4823,40,3.20188,3.14159,2.61985,2.5,-0.0674557,0,-0.33207,0.202425,0.110862,0.00225574
71.2,-15.0619,-15.1681,40.4724,40,3.19646,3.14159,2.58462,2.5,-0.0682818,0,-0.443076,0.227042,0.0937784,-0.0127404
71.3,-15.3256,-15.1681,40.461,40,3.1924,3.14159,2.83185,2.5,-0.0679539,0,-0.926944,0.236706,0.113738,-0.0277047
71.4,-15.5885,-15.6681,40.4528,40,3.18703,3.14159,2.32988,2.5,-0.036835,0,-0.2374,0.176807,0.135845,-0.0425998
71.5,-15.8455,-15.9181,40.4377,40,3.1829,3.14159,2.44634,2.5,-0.048387,0,-0.229518,0.2558,0.17918,-0.0573883
71.6,-16.089,-16.1681,40.4283,40,3.17799,3.14159,2.52801,2.5,-0.0779266,0,-0.380973,0.324667,0.156231,-0.0720335
71.7,-16.357,-16.4181,40.405,40,3.17274,3.14159,2.83953,2.5,-0.0514015,0,-0.97906,0.26409,0.116331,-0.0864986
71.8,-16.6446,-16.4181,40.3861,40,3.1678,3.14159,2.94482,2.5,-0.0469275,0,-1.38396,0.265657,0.0846067,-0.100747
71.9,-16.9229,-16.9181,40.3687,40,3.16427,3.14159,2.85856,2.5,-0.0580057,0,-1.41433,0.271812,0.0597763,-0.114745
72,-17.201,-17.1681,40.3567,40,3.15868,3.14159,2.64112,2.5,-0.0517866,0,-1.05385,0.308483,0.0982251,-0.128455
72.1,-17.4448,-17.4181,40.3326,40,3.15596,3.14159,2.42767,2.5,-0.0143127,0,-0.571324,0.179339,0.0398389,-0.141844
72.2,-17.6772,-17.6681,40.3182,40,3.15703,3.14159,2.39212,2.5,0.00760786,0,-0.35895,0.105563,-0.0012327,-0.154879
72.3,-17.9285,-17.6681,40.3086,40,3.15794,3.14159,2.45455,2.5,0.0343139,0,-0.394286,0.0478149,-0.00939604,-0.167526
72.4,-18.1675,-18.1681,40.2884,40,3.16004,3.14159,2.23817,2.5,0.00455967,0,0.011462,0.101955,-0.0237212,-0.179755
72.5,-18.3869,-18.4181,40.2727,40,3.16264,3.14159,2.25411,2.5,0.0440291,0,0.178675,-0.0328039,-0.0260721,-0.191535
72.6,-18.6176,-18.6681,40.2466,40,3.16827,3.14159,2.40762,2.5,0.0757345,0,-0.0153199,-0.118619,-0.0332455,-0.202835
72.7,-18.8419,-18.9181,40.2118,40,3.17337,3.14159,2.00781,2.5,0.069907,0,0.547615,-0.119458,-0.0722315,-0.213629
72.8,-19.0527,-18.9181,40.191,40,3.17872,3.14159,2.21724,2.5,0.0711077,0,0.290138,-0.157094,-0.0590845,-0.223889
72.9,-19.2728,-19.4181,40.1609,40,3.1839,3.14159,2.11282,2.5,0.0665245,0,0.597382,-0.200138,-0.113572,-0.233589
73,-19.4973,-19.6681,40.1291,40,3.18885,3.14159,2.41506,2.5,0.0605824,0,0.226135,-0.20345,-0.097418,-0.242706
73.1,-19.7466,-19.9181,40.0928,40,3.19272,3.14159,2.40931,2.5,0.0208004,0,0.128193,-0.107839,-0.0969467,-0.251215
73.2,-20.0027,-20.1681,40.0534,40,3.19433,3.14159,2.56523,2.5,0.0198404,0,-0.161464,-0.132959,-0.0877578,-0.259097
73.3,-20.2235,-20.1681,40.0121,40,3.19497,3.14159,2.08369,2.5,-0.00626372,0,0.594536,-0.119987,-0.143191,-0.266331
73.4,-20.4568,-20.6681,39.9766,40,3.19382,3.14159,2.35619,2.5,-0.0376092,0,0.312458,-0.0447405,-0.16236,-0.2729
73.5,-20.6934,-20.9181,39.9348,40,3.1895,3.14159,2.28691,2.5,-0.0673884,0,0.256157,0.0532063,-0.142008,-0.278786
73.6,-20.9309,-21.1681,39.8948,40,3.18494,3.14159,2.29534,2.5,-0.0685229,0,0.26881,0.0400034,-0.197377,-0.283976
73.7,-21.1882,-21.4181,39.8572,40,3.17871,3.14159,2.56088,2.5,-0.0699991,0,-0.0695841,0.0214735,-0.238906,-0.288456
73.8,-21.4622,-21.4181,39.8237,40,3.17099,3.14159,2.64444,2.5,-0.0696389,0,-0.171351,0.0315725,-0.246988,-0.292215
73.9,-21.7465,-21.9181,39.791,40,3.16416,3.14159,2.89436,2.5,-0.0642805,0,-0.782108,-0.00493005,-0.254226,-0.295243
74,-22.0378,-22.1681,39.7487,40,3.15777,3.14159,3.07578,2.5,-0.0684879,0,-1.30228,-0.0158735,-0.299468,-0.297534
74.1,-22.34,-22.4181,39.7176,40,3.14862,3.14159,2.98638,2.5,-0.127345,0,-1.35012,0.143459,-0.340224,-0.29908
74.2,-22.6313,-22.6681,39.6888,40,3.13731,3.14159,2.75618,2.5,-0.0883577,0,-0.981955,0.0460538,-0.351435,-0.29988
74.3,-22.9111,-22.6681,39.6608,40,3.1276,3.14159,2.9927,2.5,-0.111497,0,-1.26901,0.16228,-0.299783,-0.299929
74.4,-23.2005,-23.1681,39.6344,40,3.1139,3.14159,2.80878,2.5,-0.123456,0,-0.415403,0.171008,-0.373735,-0.29923
74.5,-23.5048,-23.4181,39.6111,40,3.10092,3.14159,3.03557,2.5,-0.123785,0,-0.724488,0.192879,-0.352352,-0.297782
74.6,-23.8041,-23.6681,39.5987,40,3.08829,3.14159,2.87118,2.5,-0.109117,0,-1.05461,0.207329,-0.33059,-0.29559
74.7,-24.0715,-23.9181,39.5852,40,3.07757,3.14159,2.60175,2.5,-0.117689,0,-0.650823,0.289091,-0.26754,-0.292659
74.8,-24.3315,-23.9181,39.5775,40,3.06799,3.14159,2.69026,2.5,-0.0998299,0,-0.671171,0.274188,-0.252181,-0.288996
74.9,-24.6039,-24.4181,39.5749,40,3.06155,3.14159,2.7216,2.5,-0.0624833,0,-0.348911,0.168947,-0.26506,-0.284611
75,-24.8688,-24.6681,39.5717,40,3.05487,3.14159,2.93351,2.5,-0.060327,0,-0.929304,0.212601,-0.25328,-0.279515
75.1,-25.1498,-24.9181,39.5702,40,3.04917,3.14159,2.39267,2.5,-0.0612561,0,-0.18075,0.23808,-0.236828,-0.27372
75.2,-25.3922,-25.1681,39.5627,40,3.04588,3.14159,2.31673,2.5,-0.0191372,0,0.250244,0.120596,-0.257164,-0.267241
75.3,-25.6166,-25.1681,39.5558,40,3.04584,3.14159,1.94081,2.5,0.0166583,0,1.12111,0.0510195,-0.227595,-0.260094
75.4,-25.8203,-25.6681,39.5414,40,3.04742,3.14159,2.08613,2.5,0.000453488,0,1.26749,0.101547,-0.212231,-0.252297
75.5,-26.0338,-25.9181,39.5413,40,3.05016,3.14159,2.02464,2.5,0.0441048,0,1.49399,-0.0503631,-0.241256,-0.24387
75.6,-26.2337,-26.1681,39.5364,40,3.05218,3.14159,2.40299,2.5,0.0378343,0,1.01019,-0.0293073,-0.227634,-0.234832
75.7,-26.4914,-26.4181,39.5357,40,3.05566,3.14159,2.59174,2.5,0.0433585,0,0.600618,-0.0606588,-0.237571,-0.225208
75.8,-26.7502,-26.4181,39.5309,40,3.05807,3.14159,2.69615,2.5,0.038374,0,0.311947,-0.0632234,-0.274628,-0.215021
75.9,-27.005,-26.9181,39.5259,40,3.06177,3.14159,2.5611,2.5,0.0557072,0,0.490425,-0.136433,-0.279789,-0.204297
76,-27.2619,-27.1681,39.5284,40,3.06669,3.14159,2.70338,2.5,0.0715441,0,0.301635,-0.192325,-0.283678,-0.193061
76.1,-27.5357,-27.4181,39.5318,40,3.07445,3.14159,2.68679,2.5,0.0712996,0,0.276446,-0.189741,-0.250853,-0.181344
76.2,-27.7958,-27.6681,39.5348,40,3.07973,3.14159,2.31476,2.5,0.048819,0,0.927367,-0.164149,-0.23841,-0.169173
76.3,-28.041,-27.6681,39.5353,40,3.08292,3.14159,2.56501,2.5,0.0410152,0,0.745078,-0.137296,-0.224646,-0.156579
76.4,-28.301,-28.1681,39.5385,40,3.08677,3.14159,2.38568,2.5,0.0374233,0,1.03432,-0.137744,-0.20279,-0.143594
76.5,-28.5489,-28.4181,39.5323,40,3.08877,3.14159,2.42045,2.5,0.0232617,0,1.09506,-0.150823,-0.271674,-0.13025
76.6,-28.8044,-28.6681,39.5388,40,3.09013,3.14159,2.67622,2.5,-0.00308599,0,0.621979,-0.0905574,-0.270798,-0.11658
76.7,-29.0748,-28.9181,39.5374,40,3.08869,3.14159,2.61621,2.5,-0.0199311,0,0.603624,-0.0398307,-0.234402,-0.102619
76.8,-29.3467,-28.9181,39.5375,40,3.08782,3.14159,2.96691,2.5,-0.0179945,0,-0.0735961,-0.0145926,-0.185864,-0.0884015
76.9,-29.6383,-29.4181,39.5428,40,3.08819,3.14159,2.91428,2.5,0.0199591,0,-0.257989,-0.1323,-0.182467,-0.073963
77,-29.9344,-29.6681,39.5371,40,3.09075,3.14159,2.79621,2.5,0.0241223,0,-0.176896,-0.133891,-0.169995,-0.0593396
77.1,-30.198,-29.9181,39.5428,40,3.09252,3.14159,2.57485,2.5,-0.021129,0,0.20704,-0.0216465,-0.168956,-0.044568
77.2,-30.4484,-30.1681,39.5526,40,3.09058,3.14159,2.30101,2.5,-0.0315336,0,0.796324,0.0126611,-0.138768,-0.0296849
77.3,-30.6982,-30.1681,39.5642,40,3.08803,3.14159,2.71422,2.5,-0.0238582,0,0.189705,0.000225883,-0.146433,-0.0147276
77.4,-30.9759,-30.6681,39.5757,40,3.08632,3.14159,2.92548,2.5,-0.0270829,0,-0.446483,0.0371175,-0.119425,0.000266447
77.5,-31.2507,-30.9181,39.5903,40,3.08436,3.14159,2.63648,2.5,-0.0379218,0,-0.215491,0.0512896,-0.135332,0.0152599
77.6,-31.4974,-31.1681,39.6069,40,3.08283,3.14159,2.27891,2.5,0.0181446,0,0.42429,-0.0855703,-0.122093,0.0302151
77.7,-31.7169,-31.4181,39.625,40,3.08445,3.14159,2.25483,2.5,0.0170161,0,0.642364,-0.0874417,-0.101146,0.0450949
77.8,-31.9381,-31.4181,39.6342,40,3.08435,3.14159,2.16444,2.5,0.00690791,0,0.827414,-0.0291901,-0.0729705,0.0598619
77.9,-32.1507,-31.9181,39.6559,40,3.08441,3.14159,2.42956,2.5,-0.0133989,0,0.343737,0.0480115,-0.0425439,0.0744793
78,-32.3922,-32.1681,39.6892,40,3.08405,3.14159,2.33852,2.5,0.00666141,0,0.285146,0.0142863,0.00400073,0.0889106
78.1,-32.6337,-32.4181,39.7129,40,3.08488,3.14159,2.50523,2.5,0.0104358,0,-0.116545,-0.00107328,-0.0152683,0.10312
78.2,-32.87,-32.6681,39.7434,40,3.08697,3.14159,2.51966,2.5,0.0359784,0,-0.385569,-0.0368076,0.0174647,0.117071
78.3,-33.1055,-32.6681,39.7701,40,3.09051,3.14159,2.19893,2.5,0.0648831,0,-0.0170968,-0.0984915,0.0641108,0.13073
78.4,-33.3252,-33.1681,39.7832,40,3.09378,3.14159,2.35516,2.5,0.0407281,0,-0.281854,-0.0583058,0.0382771,0.144061
78.5,-33.5688,-33.4181,39.8075,40,3.09781,3.14159,2.44059,2.5,0.0534809,0,-0.635088,-0.0869983,0.0417195,0.157033
78.6,-33.8056,-33.6681,39.8326,40,3.10127,3.14159,2.26919,2.5,0.0452236,0,-0.576268,-0.0815084,0.031921,0.169613
78.7,-34.0147,-33.9181,39.8682,40,3.10346,3.14159,2.1984,2.5,0.0214512,0,-0.560473,0.00810125,0.0690497,0.181768
78.8,-34.2214,-33.9181,39.895,40,3.1066,3.14159,2.01508,2.5,0.0642925,0,-0.372724,-0.144678,0.0285643,0.193469
78.9,-34.436,-34.4181,39.9204,40,3.10995,3.14159,2.18877,2.5,0.0522086,0,-0.73694,-0.0763625,0.111322,0.204687
79,-34.6425,-34.6681,39.956,40,3.11405,3.14159,1.81061,2.5,0.0729626,0,-0.341959,-0.148818,0.10582,0.215392
79.1,-34.8299,-34.9181,39.9823,40,3.11898,3.14159,1.86742,2.5,0.0769879,0,-0.496978,-0.124105,0.15096,0.22556
79.2,-35.0206,-35.1681,40.0086,40,3.1226,3.14159,1.76014,2.5,0.0600841,0,-0.524841,-0.101627,0.107177,0.235164
79.3,-35.2121,-35.1681,40.0304,40,3.12654,3.14159,1.82786,2.5,0.0558331,0,-1.17713,-0.0802773,0.115776,0.24418
79.4,-35.4029,-35.6681,40.0617,40,3.12841,3.14159,2.05622,2.5,0.00982595,0,-1.69065,0.0489636,0.166329,0.252585
79.5,-35.5856,-35.9181,40.0912,40,3.12917,3.14159,1.66743,2.5,0.00935593,0,-1.4544,0.0663944,0.198781,0.260359
79.6,-35.738,-36.1681,40.1122,40,3.13041,3.14159,1.27101,2.5,0.0349891,0,-0.844045,-0.0149288,0.20083,0.267483
79.7,-35.8571,-36.4181,40.1406,40,3.13238,3.14159,1.09612,2.5,0.0570046,0,-0.689639,-0.0442343,0.168519,0.273938
79.8,-35.9746,-36.4181,40.175,40,3.13424,3.14159,0.893927,2.5,0.0601401,0,-0.515511,-0.0585644,0.147848,0.279708
79.9,-36.054,-36.9181,40.2019,40,3.13579,3.14159,0.824634,2.5,0.0938848,0,-0.489632,-0.112072,0.148978,0.284779
